-------------------------
-- Insert OFFICE records
-------------------------

INSERT INTO office
(office_guid, create_user_id, create_utc_timestamp, update_user_id, update_utc_timestamp, geo_organization_unit_code, agency_code_ref)
VALUES('db343458-8eca-42c2-91ec-070b3e6de663'::uuid, 'nr-compliance-enforcement', '2023-06-29 22:16:16.754', 'nr-compliance-enforcement', '2023-06-29 22:16:16.754', '100MLHSE', 'COS')
ON CONFLICT DO NOTHING;
INSERT INTO office
(office_guid, create_user_id, create_utc_timestamp, update_user_id, update_utc_timestamp, geo_organization_unit_code, agency_code_ref)
VALUES('5c7023b9-710e-4333-bbcb-8a95350b747c'::uuid, 'nr-compliance-enforcement', '2023-06-29 22:16:16.754', 'nr-compliance-enforcement', '2023-06-29 22:16:16.754', 'ATLIN', 'COS')
ON CONFLICT DO NOTHING;
INSERT INTO office
(office_guid, create_user_id, create_utc_timestamp, update_user_id, update_utc_timestamp, geo_organization_unit_code, agency_code_ref)
VALUES('cdd9964e-7878-44c1-b4a2-0290c6345dec'::uuid, 'nr-compliance-enforcement', '2023-06-29 22:16:16.754', 'nr-compliance-enforcement', '2023-06-29 22:16:16.754', 'BLLACLA', 'COS')
ON CONFLICT DO NOTHING;
INSERT INTO office
(office_guid, create_user_id, create_utc_timestamp, update_user_id, update_utc_timestamp, geo_organization_unit_code, agency_code_ref)
VALUES('3338cb74-5be4-4ed3-8b11-41f83d72de00'::uuid, 'nr-compliance-enforcement', '2023-06-29 22:16:16.754', 'nr-compliance-enforcement', '2023-06-29 22:16:16.754', 'BLKCRKCR', 'COS')
ON CONFLICT DO NOTHING;
INSERT INTO office
(office_guid, create_user_id, create_utc_timestamp, update_user_id, update_utc_timestamp, geo_organization_unit_code, agency_code_ref)
VALUES('ee09bf4d-e5a1-4fb8-9012-c192692dd1bd'::uuid, 'nr-compliance-enforcement', '2023-06-29 22:16:16.754', 'nr-compliance-enforcement', '2023-06-29 22:16:16.754', 'BURNSLK', 'COS')
ON CONFLICT DO NOTHING;
INSERT INTO office
(office_guid, create_user_id, create_utc_timestamp, update_user_id, update_utc_timestamp, geo_organization_unit_code, agency_code_ref)
VALUES('aebabfed-cf45-4253-9fbf-f49452190332'::uuid, 'nr-compliance-enforcement', '2023-06-29 22:16:16.754', 'nr-compliance-enforcement', '2023-06-29 22:16:16.754', 'CSTLGAR', 'COS')
ON CONFLICT DO NOTHING;
INSERT INTO office
(office_guid, create_user_id, create_utc_timestamp, update_user_id, update_utc_timestamp, geo_organization_unit_code, agency_code_ref)
VALUES('92bad201-cccc-4021-9c79-bbdcf13947f2'::uuid, 'nr-compliance-enforcement', '2023-06-29 22:16:16.754', 'nr-compliance-enforcement', '2023-06-29 22:16:16.754', 'CHTWD', 'COS')
ON CONFLICT DO NOTHING;
INSERT INTO office
(office_guid, create_user_id, create_utc_timestamp, update_user_id, update_utc_timestamp, geo_organization_unit_code, agency_code_ref)
VALUES('79fe321b-7716-413f-b878-c5fd6100317d'::uuid, 'nr-compliance-enforcement', '2023-06-29 22:16:16.754', 'nr-compliance-enforcement', '2023-06-29 22:16:16.754', 'CLRWTER', 'COS')
ON CONFLICT DO NOTHING;
INSERT INTO office
(office_guid, create_user_id, create_utc_timestamp, update_user_id, update_utc_timestamp, geo_organization_unit_code, agency_code_ref)
VALUES('19addcac-91b2-4ab3-83b9-9a26baa1e635'::uuid, 'nr-compliance-enforcement', '2023-06-29 22:16:16.754', 'nr-compliance-enforcement', '2023-06-29 22:16:16.754', 'CRNBK', 'COS')
ON CONFLICT DO NOTHING;
INSERT INTO office
(office_guid, create_user_id, create_utc_timestamp, update_user_id, update_utc_timestamp, geo_organization_unit_code, agency_code_ref)
VALUES('2044f08d-b53c-489a-8584-dd867b63514a'::uuid, 'nr-compliance-enforcement', '2023-06-29 22:16:16.754', 'nr-compliance-enforcement', '2023-06-29 22:16:16.754', 'CRSTN', 'COS')
ON CONFLICT DO NOTHING;
INSERT INTO office
(office_guid, create_user_id, create_utc_timestamp, update_user_id, update_utc_timestamp, geo_organization_unit_code, agency_code_ref)
VALUES('55d7b990-8123-492f-8b5b-7cbbd14ac423'::uuid, 'nr-compliance-enforcement', '2023-06-29 22:16:16.754', 'nr-compliance-enforcement', '2023-06-29 22:16:16.754', 'DJNG', 'COS')
ON CONFLICT DO NOTHING;
INSERT INTO office
(office_guid, create_user_id, create_utc_timestamp, update_user_id, update_utc_timestamp, geo_organization_unit_code, agency_code_ref)
VALUES('4a5a94b1-bd47-4611-a577-861d97089903'::uuid, 'nr-compliance-enforcement', '2023-06-29 22:16:16.754', 'nr-compliance-enforcement', '2023-06-29 22:16:16.754', 'DWSNCRK', 'COS')
ON CONFLICT DO NOTHING;
INSERT INTO office
(office_guid, create_user_id, create_utc_timestamp, update_user_id, update_utc_timestamp, geo_organization_unit_code, agency_code_ref)
VALUES('f30857bf-bab9-491a-b38f-83600238c36d'::uuid, 'nr-compliance-enforcement', '2023-06-29 22:16:16.754', 'nr-compliance-enforcement', '2023-06-29 22:16:16.754', 'DSELK', 'COS')
ON CONFLICT DO NOTHING;
INSERT INTO office
(office_guid, create_user_id, create_utc_timestamp, update_user_id, update_utc_timestamp, geo_organization_unit_code, agency_code_ref)
VALUES('f7065a6e-2481-4526-b874-6ab98009481d'::uuid, 'nr-compliance-enforcement', '2023-06-29 22:16:16.754', 'nr-compliance-enforcement', '2023-06-29 22:16:16.754', 'DNCN', 'COS')
ON CONFLICT DO NOTHING;
INSERT INTO office
(office_guid, create_user_id, create_utc_timestamp, update_user_id, update_utc_timestamp, geo_organization_unit_code, agency_code_ref)
VALUES('784080e4-9674-4c84-ac3e-bf161b09c2de'::uuid, 'nr-compliance-enforcement', '2023-06-29 22:16:16.754', 'nr-compliance-enforcement', '2023-06-29 22:16:16.754', 'FRNIE', 'COS')
ON CONFLICT DO NOTHING;
INSERT INTO office
(office_guid, create_user_id, create_utc_timestamp, update_user_id, update_utc_timestamp, geo_organization_unit_code, agency_code_ref)
VALUES('edd4b298-ced7-4b10-9232-87512ec640b3'::uuid, 'nr-compliance-enforcement', '2023-06-29 22:16:16.754', 'nr-compliance-enforcement', '2023-06-29 22:16:16.754', 'FRTNLN', 'COS')
ON CONFLICT DO NOTHING;
INSERT INTO office
(office_guid, create_user_id, create_utc_timestamp, update_user_id, update_utc_timestamp, geo_organization_unit_code, agency_code_ref)
VALUES('e0ad7fe3-59da-4e1a-a611-46ccf7ea7396'::uuid, 'nr-compliance-enforcement', '2023-06-29 22:16:16.754', 'nr-compliance-enforcement', '2023-06-29 22:16:16.754', 'FRTSTJN', 'COS')
ON CONFLICT DO NOTHING;
INSERT INTO office
(office_guid, create_user_id, create_utc_timestamp, update_user_id, update_utc_timestamp, geo_organization_unit_code, agency_code_ref)
VALUES('643a4ff7-9135-4e6d-86ad-f2f8aac195ef'::uuid, 'nr-compliance-enforcement', '2023-06-29 22:16:16.754', 'nr-compliance-enforcement', '2023-06-29 22:16:16.754', 'GLDN', 'COS')
ON CONFLICT DO NOTHING;
INSERT INTO office
(office_guid, create_user_id, create_utc_timestamp, update_user_id, update_utc_timestamp, geo_organization_unit_code, agency_code_ref)
VALUES('c8aeb3d9-3718-49d9-b8b5-6c84671546eb'::uuid, 'nr-compliance-enforcement', '2023-06-29 22:16:16.754', 'nr-compliance-enforcement', '2023-06-29 22:16:16.754', 'GDFKS', 'COS')
ON CONFLICT DO NOTHING;
INSERT INTO office
(office_guid, create_user_id, create_utc_timestamp, update_user_id, update_utc_timestamp, geo_organization_unit_code, agency_code_ref)
VALUES('a5e2e92e-4928-4dbc-8165-e06234b051c1'::uuid, 'nr-compliance-enforcement', '2023-06-29 22:16:16.754', 'nr-compliance-enforcement', '2023-06-29 22:16:16.754', 'INVRM', 'COS')
ON CONFLICT DO NOTHING;
INSERT INTO office
(office_guid, create_user_id, create_utc_timestamp, update_user_id, update_utc_timestamp, geo_organization_unit_code, agency_code_ref)
VALUES('3a070028-2c6f-4ea9-a548-271cf076280a'::uuid, 'nr-compliance-enforcement', '2023-06-29 22:16:16.754', 'nr-compliance-enforcement', '2023-06-29 22:16:16.754', 'KMLPS', 'COS')
ON CONFLICT DO NOTHING;
INSERT INTO office
(office_guid, create_user_id, create_utc_timestamp, update_user_id, update_utc_timestamp, geo_organization_unit_code, agency_code_ref)
VALUES('21855957-521f-4190-b0f9-a7ab7d139978'::uuid, 'nr-compliance-enforcement', '2023-06-29 22:16:16.754', 'nr-compliance-enforcement', '2023-06-29 22:16:16.754', 'KLWNA', 'COS')
ON CONFLICT DO NOTHING;
INSERT INTO office
(office_guid, create_user_id, create_utc_timestamp, update_user_id, update_utc_timestamp, geo_organization_unit_code, agency_code_ref)
VALUES('33dc58c7-2ebf-4924-93f9-168073058273'::uuid, 'nr-compliance-enforcement', '2023-06-29 22:16:16.754', 'nr-compliance-enforcement', '2023-06-29 22:16:16.754', 'LLT', 'COS')
ON CONFLICT DO NOTHING;
INSERT INTO office
(office_guid, create_user_id, create_utc_timestamp, update_user_id, update_utc_timestamp, geo_organization_unit_code, agency_code_ref)
VALUES('3a4e8fc8-db72-4f02-b5ee-1f257c74a635'::uuid, 'nr-compliance-enforcement', '2023-06-29 22:16:16.754', 'nr-compliance-enforcement', '2023-06-29 22:16:16.754', 'MKNZI', 'COS')
ON CONFLICT DO NOTHING;
INSERT INTO office
(office_guid, create_user_id, create_utc_timestamp, update_user_id, update_utc_timestamp, geo_organization_unit_code, agency_code_ref)
VALUES('e6807e73-f591-459a-b0f7-413f6fb2984e'::uuid, 'nr-compliance-enforcement', '2023-06-29 22:16:16.754', 'nr-compliance-enforcement', '2023-06-29 22:16:16.754', 'MRRTT', 'COS')
ON CONFLICT DO NOTHING;
INSERT INTO office
(office_guid, create_user_id, create_utc_timestamp, update_user_id, update_utc_timestamp, geo_organization_unit_code, agency_code_ref)
VALUES('8f9e10a8-53b5-4125-8d8f-b7fbfdd6ae47'::uuid, 'nr-compliance-enforcement', '2023-06-29 22:16:16.754', 'nr-compliance-enforcement', '2023-06-29 22:16:16.754', 'MSNCHWK', 'COS')
ON CONFLICT DO NOTHING;
INSERT INTO office
(office_guid, create_user_id, create_utc_timestamp, update_user_id, update_utc_timestamp, geo_organization_unit_code, agency_code_ref)
VALUES('491941e6-89a7-473f-b246-a2d8cd21b078'::uuid, 'nr-compliance-enforcement', '2023-06-29 22:16:16.754', 'nr-compliance-enforcement', '2023-06-29 22:16:16.754', 'MSNMPLRD', 'COS')
ON CONFLICT DO NOTHING;
INSERT INTO office
(office_guid, create_user_id, create_utc_timestamp, update_user_id, update_utc_timestamp, geo_organization_unit_code, agency_code_ref)
VALUES('00048dd4-17b0-4fdc-a3fb-54f820970422'::uuid, 'nr-compliance-enforcement', '2023-06-29 22:16:16.754', 'nr-compliance-enforcement', '2023-06-29 22:16:16.754', 'MSNSR', 'COS')
ON CONFLICT DO NOTHING;
INSERT INTO office
(office_guid, create_user_id, create_utc_timestamp, update_user_id, update_utc_timestamp, geo_organization_unit_code, agency_code_ref)
VALUES('6496f00f-5397-470d-90db-490e6859256a'::uuid, 'nr-compliance-enforcement', '2023-06-29 22:16:16.754', 'nr-compliance-enforcement', '2023-06-29 22:16:16.754', 'NNIMO', 'COS')
ON CONFLICT DO NOTHING;
INSERT INTO office
(office_guid, create_user_id, create_utc_timestamp, update_user_id, update_utc_timestamp, geo_organization_unit_code, agency_code_ref)
VALUES('4ff0d641-4c60-4a0a-964e-6e0ac5bfa8de'::uuid, 'nr-compliance-enforcement', '2023-06-29 22:16:16.754', 'nr-compliance-enforcement', '2023-06-29 22:16:16.754', 'NLSON', 'COS')
ON CONFLICT DO NOTHING;
INSERT INTO office
(office_guid, create_user_id, create_utc_timestamp, update_user_id, update_utc_timestamp, geo_organization_unit_code, agency_code_ref)
VALUES('b494082e-35a3-468f-8955-4aa002066b36'::uuid, 'nr-compliance-enforcement', '2023-06-29 22:16:16.754', 'nr-compliance-enforcement', '2023-06-29 22:16:16.754', 'PNTCTN', 'COS')
ON CONFLICT DO NOTHING;
INSERT INTO office
(office_guid, create_user_id, create_utc_timestamp, update_user_id, update_utc_timestamp, geo_organization_unit_code, agency_code_ref)
VALUES('305f0ee6-b525-40fd-b2d8-c7a882e8b7fd'::uuid, 'nr-compliance-enforcement', '2023-06-29 22:16:16.754', 'nr-compliance-enforcement', '2023-06-29 22:16:16.754', 'PRTALB', 'COS')
ON CONFLICT DO NOTHING;
INSERT INTO office
(office_guid, create_user_id, create_utc_timestamp, update_user_id, update_utc_timestamp, geo_organization_unit_code, agency_code_ref)
VALUES('3058b00c-cafd-4eba-a1a4-a989ccff00bf'::uuid, 'nr-compliance-enforcement', '2023-06-29 22:16:16.754', 'nr-compliance-enforcement', '2023-06-29 22:16:16.754', 'PRTMCNL', 'COS')
ON CONFLICT DO NOTHING;
INSERT INTO office
(office_guid, create_user_id, create_utc_timestamp, update_user_id, update_utc_timestamp, geo_organization_unit_code, agency_code_ref)
VALUES('cd101564-6114-49e0-9e87-fa6e4925dbb7'::uuid, 'nr-compliance-enforcement', '2023-06-29 22:16:16.754', 'nr-compliance-enforcement', '2023-06-29 22:16:16.754', 'PWLRV', 'COS')
ON CONFLICT DO NOTHING;
INSERT INTO office
(office_guid, create_user_id, create_utc_timestamp, update_user_id, update_utc_timestamp, geo_organization_unit_code, agency_code_ref)
VALUES('3f474308-68da-450a-b1ab-fb8a5b7a27ce'::uuid, 'nr-compliance-enforcement', '2023-06-29 22:16:16.754', 'nr-compliance-enforcement', '2023-06-29 22:16:16.754', 'PRCG', 'COS')
ON CONFLICT DO NOTHING;
INSERT INTO office
(office_guid, create_user_id, create_utc_timestamp, update_user_id, update_utc_timestamp, geo_organization_unit_code, agency_code_ref)
VALUES('313f4ec3-e88a-41c2-9956-78c7b18cb71d'::uuid, 'nr-compliance-enforcement', '2023-06-29 22:16:16.754', 'nr-compliance-enforcement', '2023-06-29 22:16:16.754', 'QSNL', 'COS')
ON CONFLICT DO NOTHING;
INSERT INTO office
(office_guid, create_user_id, create_utc_timestamp, update_user_id, update_utc_timestamp, geo_organization_unit_code, agency_code_ref)
VALUES('19d0f476-0fc4-4fe1-b7aa-b76d3c2c5b9b'::uuid, 'nr-compliance-enforcement', '2023-06-29 22:16:16.754', 'nr-compliance-enforcement', '2023-06-29 22:16:16.754', 'SLMONRM', 'COS')
ON CONFLICT DO NOTHING;
INSERT INTO office
(office_guid, create_user_id, create_utc_timestamp, update_user_id, update_utc_timestamp, geo_organization_unit_code, agency_code_ref)
VALUES('b74014cf-1d80-4074-97c0-024a422d24f9'::uuid, 'nr-compliance-enforcement', '2023-06-29 22:16:16.754', 'nr-compliance-enforcement', '2023-06-29 22:16:16.754', 'SCHLT', 'COS')
ON CONFLICT DO NOTHING;
INSERT INTO office
(office_guid, create_user_id, create_utc_timestamp, update_user_id, update_utc_timestamp, geo_organization_unit_code, agency_code_ref)
VALUES('cbd8d434-f525-410b-9c3c-119b82a31813'::uuid, 'nr-compliance-enforcement', '2023-06-29 22:16:16.754', 'nr-compliance-enforcement', '2023-06-29 22:16:16.754', 'SMITHRS', 'COS')
ON CONFLICT DO NOTHING;
INSERT INTO office
(office_guid, create_user_id, create_utc_timestamp, update_user_id, update_utc_timestamp, geo_organization_unit_code, agency_code_ref)
VALUES('38105a68-c83d-44e5-af6e-9cfa40792118'::uuid, 'nr-compliance-enforcement', '2023-06-29 22:16:16.754', 'nr-compliance-enforcement', '2023-06-29 22:16:16.754', 'SQMSHWHS', 'COS')
ON CONFLICT DO NOTHING;
INSERT INTO office
(office_guid, create_user_id, create_utc_timestamp, update_user_id, update_utc_timestamp, geo_organization_unit_code, agency_code_ref)
VALUES('0f2cdcb7-c4ba-457d-adac-adde1d8c077a'::uuid, 'nr-compliance-enforcement', '2023-06-29 22:16:16.754', 'nr-compliance-enforcement', '2023-06-29 22:16:16.754', 'TERRC', 'COS')
ON CONFLICT DO NOTHING;
INSERT INTO office
(office_guid, create_user_id, create_utc_timestamp, update_user_id, update_utc_timestamp, geo_organization_unit_code, agency_code_ref)
VALUES('5128179c-f622-499b-b8e5-b39199081f22'::uuid, 'nr-compliance-enforcement', '2023-06-29 22:16:16.754', 'nr-compliance-enforcement', '2023-06-29 22:16:16.754', 'VNDHF', 'COS')
ON CONFLICT DO NOTHING;
INSERT INTO office
(office_guid, create_user_id, create_utc_timestamp, update_user_id, update_utc_timestamp, geo_organization_unit_code, agency_code_ref)
VALUES('1f4d9042-d6a5-46b6-a860-e1de7edb6add'::uuid, 'nr-compliance-enforcement', '2023-06-29 22:16:16.754', 'nr-compliance-enforcement', '2023-06-29 22:16:16.754', 'VRNON', 'COS')
ON CONFLICT DO NOTHING;
INSERT INTO office
(office_guid, create_user_id, create_utc_timestamp, update_user_id, update_utc_timestamp, geo_organization_unit_code, agency_code_ref)
VALUES('45abdc96-1b07-4b9c-8b05-e2b0c46c1d1d'::uuid, 'nr-compliance-enforcement', '2023-06-29 22:16:16.754', 'nr-compliance-enforcement', '2023-06-29 22:16:16.754', 'VICTRA', 'COS')
ON CONFLICT DO NOTHING;
INSERT INTO office
(office_guid, create_user_id, create_utc_timestamp, update_user_id, update_utc_timestamp, geo_organization_unit_code, agency_code_ref)
VALUES('9fc7327b-b206-4a5c-88f1-2875a456eb49'::uuid, 'nr-compliance-enforcement', '2023-06-29 22:16:16.754', 'nr-compliance-enforcement', '2023-06-29 22:16:16.754', 'WLMSLK', 'COS')
ON CONFLICT DO NOTHING;

-------------------------
-- Insert PERSON records
-------------------------

INSERT INTO person
(person_guid, first_name, middle_name_1, middle_name_2, last_name, create_user_id, create_utc_timestamp, update_user_id, update_utc_timestamp)
VALUES('4fb86d65-1cd0-429d-a75a-456bf8d60ba3'::uuid, 'Julia', 'R.', NULL, 'McMillan', 'FLYWAY', '2023-06-29 22:16:12.572', 'FLYWAY', '2023-06-29 22:16:12.572')
ON CONFLICT DO NOTHING;
INSERT INTO person
(person_guid, first_name, middle_name_1, middle_name_2, last_name, create_user_id, create_utc_timestamp, update_user_id, update_utc_timestamp)
VALUES('6fd73cad-cbc7-49f1-888a-b24dc8abd824'::uuid, 'Neil', NULL, NULL, 'Baskerville-Bridges', 'FLYWAY', '2023-06-29 22:16:16.754', 'FLYWAY', '2023-06-29 22:16:16.754')
ON CONFLICT DO NOTHING;
INSERT INTO person
(person_guid, first_name, middle_name_1, middle_name_2, last_name, create_user_id, create_utc_timestamp, update_user_id, update_utc_timestamp)
VALUES('5169b4e9-4d93-42bf-b7f4-70f329bfd22c'::uuid, 'Steve', NULL, NULL, 'Kot', 'FLYWAY', '2023-06-29 22:16:16.754', 'FLYWAY', '2023-06-29 22:16:16.754')
ON CONFLICT DO NOTHING;
INSERT INTO person
(person_guid, first_name, middle_name_1, middle_name_2, last_name, create_user_id, create_utc_timestamp, update_user_id, update_utc_timestamp)
VALUES('7430e049-ac60-441c-a873-ee826a0b0bfc'::uuid, 'Harry', NULL, NULL, 'Olson', 'FLYWAY', '2023-06-29 22:16:16.754', 'FLYWAY', '2023-06-29 22:16:16.754')
ON CONFLICT DO NOTHING;
INSERT INTO person
(person_guid, first_name, middle_name_1, middle_name_2, last_name, create_user_id, create_utc_timestamp, update_user_id, update_utc_timestamp)
VALUES('8743b973-1945-4227-9402-eacb167889b9'::uuid, 'Vita', NULL, NULL, 'Yates', 'FLYWAY', '2023-06-29 22:16:16.754', 'FLYWAY', '2023-06-29 22:16:16.754')
ON CONFLICT DO NOTHING;
INSERT INTO person
(person_guid, first_name, middle_name_1, middle_name_2, last_name, create_user_id, create_utc_timestamp, update_user_id, update_utc_timestamp)
VALUES('f017b490-b640-40f4-b563-70e685a7fec2'::uuid, 'Anurupa', NULL, NULL, 'Gupta', 'FLYWAY', '2023-06-29 22:16:16.754', 'FLYWAY', '2023-06-29 22:16:16.754')
ON CONFLICT DO NOTHING;
INSERT INTO person
(person_guid, first_name, middle_name_1, middle_name_2, last_name, create_user_id, create_utc_timestamp, update_user_id, update_utc_timestamp)
VALUES('659f8758-1b64-4d23-b371-d4c4333c2787'::uuid, 'Barrett', NULL, NULL, 'Falk', 'FLYWAY', '2023-06-29 22:16:16.754', 'FLYWAY', '2023-06-29 22:16:16.754')
ON CONFLICT DO NOTHING;
INSERT INTO person
(person_guid, first_name, middle_name_1, middle_name_2, last_name, create_user_id, create_utc_timestamp, update_user_id, update_utc_timestamp)
VALUES('c20cc5d4-237c-4559-8091-89caca659bb8'::uuid, 'Chris', NULL, NULL, 'Nesmith', 'FLYWAY', '2023-06-29 22:16:16.754', 'FLYWAY', '2023-06-29 22:16:16.754')
ON CONFLICT DO NOTHING;
INSERT INTO person
(person_guid, first_name, middle_name_1, middle_name_2, last_name, create_user_id, create_utc_timestamp, update_user_id, update_utc_timestamp)
VALUES('666c0f30-d707-4ade-b67f-9b888fe234e6'::uuid, 'Alec', NULL, NULL, 'Wilcox', 'FLYWAY', '2023-06-29 22:16:16.754', 'FLYWAY', '2023-06-29 22:16:16.754')
ON CONFLICT DO NOTHING;
INSERT INTO person
(person_guid, first_name, middle_name_1, middle_name_2, last_name, create_user_id, create_utc_timestamp, update_user_id, update_utc_timestamp)
VALUES('7de151c1-ae52-41c3-834d-d538bbb50cda'::uuid, 'Tobe', NULL, NULL, 'Sprado', 'FLYWAY', '2023-06-29 22:16:16.754', 'FLYWAY', '2023-06-29 22:16:16.754')
ON CONFLICT DO NOTHING;
INSERT INTO person
(person_guid, first_name, middle_name_1, middle_name_2, last_name, create_user_id, create_utc_timestamp, update_user_id, update_utc_timestamp)
VALUES('16dc87d5-2034-4d9a-bbf4-3ec0f927d3e8'::uuid, 'ENV', NULL, NULL, 'TestAcct', 'nr-compliance-enforcement', '2023-06-29 22:16:16.754', 'nr-compliance-enforcement', '2023-06-29 22:16:16.754')
ON CONFLICT DO NOTHING;
INSERT INTO person
(person_guid, first_name, middle_name_1, middle_name_2, last_name, create_user_id, create_utc_timestamp, update_user_id, update_utc_timestamp)
VALUES('375bac7f-390a-4b32-91da-1ed9da71c1e3'::uuid, 'ENV', NULL, NULL, 'TestAcct 2', 'nr-compliance-enforcement', '2023-06-29 22:16:16.754', 'nr-compliance-enforcement', '2023-06-29 22:16:16.754')
ON CONFLICT DO NOTHING;
INSERT INTO person
(person_guid, first_name, middle_name_1, middle_name_2, last_name, create_user_id, create_utc_timestamp, update_user_id, update_utc_timestamp)
VALUES('7e49b515-48c5-4fc2-9b70-a0ea8653f4aa'::uuid, 'ENV', NULL, NULL, 'TestAcct 3', 'nr-compliance-enforcement', '2023-06-29 22:16:16.754', 'nr-compliance-enforcement', '2023-06-29 22:16:16.754')
ON CONFLICT DO NOTHING;
INSERT INTO person
(person_guid, first_name, middle_name_1, middle_name_2, last_name, create_user_id, create_utc_timestamp, update_user_id, update_utc_timestamp)
VALUES('5a724b5e-aa64-439d-a76d-3aa7320409a0'::uuid, 'Scarlett', NULL, NULL, 'Truong', 'FLYWAY', '2024-01-10 22:16:16.754', 'FLYWAY', '2024-01-10 22:16:16.754')
ON CONFLICT DO NOTHING;
INSERT INTO person
(person_guid, first_name, middle_name_1, middle_name_2, last_name, create_user_id, create_utc_timestamp, update_user_id, update_utc_timestamp)
VALUES('74bb4bdd-5944-4a78-a20c-c5b494decc2a'::uuid, 'Dragos', NULL, NULL, 'Vuia', 'FLYWAY', '2024-01-10 22:16:16.754', 'FLYWAY', '2024-01-10 22:16:16.754')
ON CONFLICT DO NOTHING;
INSERT INTO person
(person_guid, first_name, middle_name_1, middle_name_2, last_name, create_user_id, create_utc_timestamp, update_user_id, update_utc_timestamp)
VALUES('fd3654be-21f2-4fc9-ae6a-39615b732a1a'::uuid, 'Suha', NULL, NULL, 'Fatima', 'FLYWAY', '2024-01-10 22:16:16.754', 'FLYWAY', '2024-01-10 22:16:16.754')
ON CONFLICT DO NOTHING;
INSERT INTO person
(person_guid, first_name, middle_name_1, middle_name_2, last_name, create_user_id, create_utc_timestamp, update_user_id, update_utc_timestamp)
VALUES('f67e52f5-ac3f-48e0-ad64-cab1eae51a18'::uuid, 'Dmitri', NULL, NULL, 'Korin', 'FLYWAY', '2024-01-22 22:16:16.754', 'FLYWAY', '2024-01-22 22:16:16.754')
ON CONFLICT DO NOTHING;
INSERT INTO person
(person_guid, first_name, middle_name_1, middle_name_2, last_name, create_user_id, create_utc_timestamp, update_user_id, update_utc_timestamp)
VALUES('2ef70e0e-90fe-44ea-8c2a-85e3e5358981'::uuid, 'Stephanie', NULL, NULL, 'Rosinski', 'FLYWAY', '2024-01-22 22:16:16.754', 'FLYWAY', '2024-01-22 22:16:16.754')
ON CONFLICT DO NOTHING;
INSERT INTO person
(person_guid, first_name, middle_name_1, middle_name_2, last_name, create_user_id, create_utc_timestamp, update_user_id, update_utc_timestamp)
VALUES('b9d79ff2-8ec4-4f35-bfa6-d19dbdd2d58e'::uuid, 'Adrienne', NULL, NULL, 'Lai', 'FLYWAY', '2024-01-22 22:16:16.754', 'FLYWAY', '2024-01-22 22:16:16.754')
ON CONFLICT DO NOTHING;
INSERT INTO person
(person_guid, first_name, middle_name_1, middle_name_2, last_name, create_user_id, create_utc_timestamp, update_user_id, update_utc_timestamp)
VALUES('b48487c2-055a-4711-bba8-282a28e52e69'::uuid, 'Greg', NULL, NULL, 'Lavery', 'FLYWAY', '2024-01-22 22:16:16.754', 'FLYWAY', '2024-01-22 22:16:16.754')
ON CONFLICT DO NOTHING;
INSERT INTO person
(person_guid, first_name, middle_name_1, middle_name_2, last_name, create_user_id, create_utc_timestamp, update_user_id, update_utc_timestamp)
VALUES('17439e37-ca97-4031-a009-b23ca58c21e1'::uuid, 'Jeremy', NULL, NULL, 'Dunsdon', 'FLYWAY', '2024-01-22 22:16:16.754', 'FLYWAY', '2024-01-22 22:16:16.754')
ON CONFLICT DO NOTHING;
INSERT INTO person
(person_guid, first_name, middle_name_1, middle_name_2, last_name, create_user_id, create_utc_timestamp, update_user_id, update_utc_timestamp)
VALUES('97f3cee5-6f4a-410f-810f-d431595fccee'::uuid, 'Jonathan', NULL, NULL, 'Funk', 'FLYWAY', '2023-06-29 22:16:16.754', 'FLYWAY', '2023-06-29 22:16:16.754')
ON CONFLICT DO NOTHING;
INSERT INTO person
(person_guid, first_name, middle_name_1, middle_name_2, last_name, create_user_id, create_utc_timestamp, update_user_id, update_utc_timestamp)
VALUES('0667495f-61a5-4d3b-b756-1ee58cb38e23'::uuid, 'Ryan', NULL, NULL, 'Rondeau', 'FLYWAY', '2024-01-22 22:16:16.754', 'FLYWAY', '2024-01-22 22:16:16.754')
ON CONFLICT DO NOTHING;
INSERT INTO person
(person_guid, first_name, middle_name_1, middle_name_2, last_name, create_user_id, create_utc_timestamp, update_user_id, update_utc_timestamp)
VALUES('141ebe0c-84c5-487d-8676-caee5de53b36'::uuid, 'Mike', NULL, NULL, 'Vesprini', 'FLYWAY', '2024-01-22 22:16:16.754', 'FLYWAY', '2024-01-22 22:16:16.754')
ON CONFLICT DO NOTHING;
INSERT INTO person
(person_guid, first_name, middle_name_1, middle_name_2, last_name, create_user_id, create_utc_timestamp, update_user_id, update_utc_timestamp)
VALUES('0c002922-d315-4fda-8fc5-3793dac12be8'::uuid, 'Joshua', NULL, NULL, 'Gamache', 'FLYWAY', '2024-01-22 22:16:16.754', 'FLYWAY', '2024-01-22 22:16:16.754')
ON CONFLICT DO NOTHING;

-------------------------
-- INSERT OFFICER RECORDS
-------------------------

INSERT INTO officer
(officer_guid, user_id, create_user_id, create_utc_timestamp, update_user_id, update_utc_timestamp, person_guid, office_guid, auth_user_guid)
VALUES('3eac2028-9e13-4a7f-af07-f0b8264f32c4'::uuid, 'VYATES', 'FLYWAY', '2023-06-29 22:16:16.754', 'FLYWAY', '2023-06-29 22:16:16.754', '8743b973-1945-4227-9402-eacb167889b9'::uuid, '2044f08d-b53c-489a-8584-dd867b63514a'::uuid, NULL)
ON CONFLICT DO NOTHING;
INSERT INTO officer
(officer_guid, user_id, create_user_id, create_utc_timestamp, update_user_id, update_utc_timestamp, person_guid, office_guid, auth_user_guid)
VALUES('e2fa0f29-7ddd-4496-96d2-6e045297a2b5'::uuid, 'AGUPTA', 'FLYWAY', '2023-06-29 22:16:16.754', 'FLYWAY', '2023-06-29 22:16:16.754', 'f017b490-b640-40f4-b563-70e685a7fec2'::uuid, '21855957-521f-4190-b0f9-a7ab7d139978'::uuid, NULL)
ON CONFLICT DO NOTHING;
INSERT INTO officer
(officer_guid, user_id, create_user_id, create_utc_timestamp, update_user_id, update_utc_timestamp, person_guid, office_guid, auth_user_guid)
VALUES('6d3b09a9-867b-40d5-93d2-ea9e4951544f'::uuid, 'CNESMITH', 'FLYWAY', '2023-06-29 22:16:16.754', 'FLYWAY', '2023-06-29 22:16:16.754', 'c20cc5d4-237c-4559-8091-89caca659bb8'::uuid, 'cdd9964e-7878-44c1-b4a2-0290c6345dec'::uuid, NULL)
ON CONFLICT DO NOTHING;
INSERT INTO officer
(officer_guid, user_id, create_user_id, create_utc_timestamp, update_user_id, update_utc_timestamp, person_guid, office_guid, auth_user_guid)
VALUES('84ac75b9-c584-4f55-a70c-6fa35c8efde4'::uuid, 'TSPRADO', 'FLYWAY', '2023-06-29 22:16:16.754', 'FLYWAY', '2023-06-29 22:16:16.754', '7de151c1-ae52-41c3-834d-d538bbb50cda'::uuid, 'b494082e-35a3-468f-8955-4aa002066b36'::uuid, NULL)
ON CONFLICT DO NOTHING;
INSERT INTO officer
(officer_guid, user_id, create_user_id, create_utc_timestamp, update_user_id, update_utc_timestamp, person_guid, office_guid, auth_user_guid)
VALUES('54892583-7013-48f5-87c8-90c19f95b395'::uuid, 'BFALK', 'FLYWAY', '2023-06-29 22:16:16.754', 'FLYWAY', '2023-06-29 22:16:16.754', '659f8758-1b64-4d23-b371-d4c4333c2787'::uuid, '313f4ec3-e88a-41c2-9956-78c7b18cb71d'::uuid, '6def8986-1b18-4205-8283-d6fd633b3eee'::uuid)
ON CONFLICT DO NOTHING;
INSERT INTO officer
(officer_guid, user_id, create_user_id, create_utc_timestamp, update_user_id, update_utc_timestamp, person_guid, office_guid, auth_user_guid)
VALUES('b762fbc2-344f-4c53-a8c2-6b0b9f605d4b'::uuid, 'SKOT', 'FLYWAY', '2023-06-29 22:16:16.754', 'FLYWAY', '2023-06-29 22:16:16.754', '5169b4e9-4d93-42bf-b7f4-70f329bfd22c'::uuid, 'b494082e-35a3-468f-8955-4aa002066b36'::uuid, '98b121c7-873a-45bf-b465-749870896eb9'::uuid)
ON CONFLICT DO NOTHING;
INSERT INTO officer
(officer_guid, user_id, create_user_id, create_utc_timestamp, update_user_id, update_utc_timestamp, person_guid, office_guid, auth_user_guid)
VALUES('7fe1cc4e-fc73-412e-9c0e-3f3fec364aac'::uuid, 'HOLSON', 'FLYWAY', '2023-06-29 22:16:16.754', 'FLYWAY', '2023-06-29 22:16:16.754', '7430e049-ac60-441c-a873-ee826a0b0bfc'::uuid, 'aebabfed-cf45-4253-9fbf-f49452190332'::uuid, '92a81ac4-d767-414f-a759-b0be2373a072'::uuid)
ON CONFLICT DO NOTHING;
INSERT INTO officer
(officer_guid, user_id, create_user_id, create_utc_timestamp, update_user_id, update_utc_timestamp, person_guid, office_guid, auth_user_guid)
VALUES('efcbaae4-505b-4db3-b036-7ec8b8dd8c6d'::uuid, 'NBASKERV', 'FLYWAY', '2023-06-29 22:16:16.754', 'FLYWAY', '2023-06-29 22:16:16.754', '6fd73cad-cbc7-49f1-888a-b24dc8abd824'::uuid, 'c8aeb3d9-3718-49d9-b8b5-6c84671546eb'::uuid, 'ef0bc810-58a7-4080-ad7a-b5bbdd0d2efe'::uuid)
ON CONFLICT DO NOTHING;
INSERT INTO officer
(officer_guid, user_id, create_user_id, create_utc_timestamp, update_user_id, update_utc_timestamp, person_guid, office_guid, auth_user_guid)
VALUES('9d171865-aab6-43d1-bbf2-93b4d4c5ba02'::uuid, 'AWILCOX', 'FLYWAY', '2023-06-29 22:16:16.754', 'FLYWAY', '2023-06-29 22:16:16.754', '666c0f30-d707-4ade-b67f-9b888fe234e6'::uuid, '9fc7327b-b206-4a5c-88f1-2875a456eb49'::uuid, '287d4e72-8409-4dd1-991a-8b1117b8eb2a'::uuid)
ON CONFLICT DO NOTHING;
INSERT INTO officer
(officer_guid, user_id, agency_code_ref, create_user_id, create_utc_timestamp, update_user_id, update_utc_timestamp, person_guid, office_guid, auth_user_guid)
VALUES('fc91b041-7f1b-46e9-8c07-0813bb656a7f'::uuid, 'ENCETST1', 'COS', 'nr-compliance-enforcement', '2023-06-29 22:16:16.754', 'nr-compliance-enforcement', '2023-06-29 22:20:48.186', '16dc87d5-2034-4d9a-bbf4-3ec0f927d3e8'::uuid, '79fe321b-7716-413f-b878-c5fd6100317d'::uuid, '0cf857a2-28a3-4867-af0f-d59449243057'::uuid)
ON CONFLICT DO NOTHING;
INSERT INTO officer
(officer_guid, user_id, agency_code_ref, create_user_id, create_utc_timestamp, update_user_id, update_utc_timestamp, person_guid, auth_user_guid)
VALUES('ac64c6e6-8233-4cee-807b-5bb2b4ddb15b'::uuid, 'ENCETST2', 'EPO', 'nr-compliance-enforcement', '2023-06-29 22:16:16.754', 'nr-compliance-enforcement', '2023-06-29 22:20:48.186', '375bac7f-390a-4b32-91da-1ed9da71c1e3'::uuid, '6d1bb908-0f03-4873-af49-916713583c7e'::uuid)
ON CONFLICT DO NOTHING;
INSERT INTO officer
(officer_guid, user_id, agency_code_ref, create_user_id, create_utc_timestamp, update_user_id, update_utc_timestamp, person_guid, auth_user_guid)
VALUES('1c28a7a0-fd7e-4d39-9e8f-50f34e1b3e59'::uuid, 'ENCETST3', 'PARKS', 'nr-compliance-enforcement', '2023-06-29 22:16:16.754', 'nr-compliance-enforcement', '2023-06-29 22:20:48.186', '7e49b515-48c5-4fc2-9b70-a0ea8653f4aa'::uuid, '45b33bda-6d2c-4947-9ba2-1f611655047a'::uuid)
ON CONFLICT DO NOTHING;
INSERT INTO officer
(officer_guid, user_id, create_user_id, create_utc_timestamp, update_user_id, update_utc_timestamp, person_guid, office_guid)
VALUES('a534a1e0-bebc-499d-ba4b-eb5ed0726f26'::uuid, 'STRUONG', 'FLYWAY', '2024-01-10 22:16:16.754', 'FLYWAY', '2024-01-10 22:20:48.186', '5a724b5e-aa64-439d-a76d-3aa7320409a0'::uuid, '3f474308-68da-450a-b1ab-fb8a5b7a27ce'::uuid)
ON CONFLICT DO NOTHING;
INSERT INTO officer
(officer_guid, user_id, create_user_id, create_utc_timestamp, update_user_id, update_utc_timestamp, person_guid, office_guid)
VALUES('3fc8a9db-e085-4461-bce2-b05462b79794'::uuid, 'DVUIA', 'FLYWAY', '2024-01-10 22:16:16.754', 'FLYWAY', '2024-01-10 22:20:48.186', '74bb4bdd-5944-4a78-a20c-c5b494decc2a'::uuid, '3f474308-68da-450a-b1ab-fb8a5b7a27ce'::uuid)
ON CONFLICT DO NOTHING;
INSERT INTO officer
(officer_guid, user_id, create_user_id, create_utc_timestamp, update_user_id, update_utc_timestamp, person_guid, auth_user_guid)
VALUES('60e7403e-9933-4eff-89ae-508c0c827130'::uuid, 'SFATIMA', 'FLYWAY', '2024-01-10 22:16:16.754', 'FLYWAY', '2024-01-10 22:20:48.186', 'fd3654be-21f2-4fc9-ae6a-39615b732a1a'::uuid, 'cafc87f3-738c-49bd-9bfb-33d7f01d50b9'::uuid)
ON CONFLICT DO NOTHING;
INSERT INTO officer
(officer_guid, user_id, create_user_id, create_utc_timestamp, update_user_id, update_utc_timestamp, person_guid, office_guid)
VALUES('56582c3c-6819-43c8-8d89-8e43823500c3'::uuid, 'DKORIN', 'FLYWAY', '2024-01-22 22:16:16.754', 'FLYWAY', '2024-01-22 22:20:48.186', 'f67e52f5-ac3f-48e0-ad64-cab1eae51a18'::uuid, '79fe321b-7716-413f-b878-c5fd6100317d'::uuid)
ON CONFLICT DO NOTHING;
INSERT INTO officer
(officer_guid, user_id, create_user_id, create_utc_timestamp, update_user_id, update_utc_timestamp, person_guid, office_guid)
VALUES('a0b7c3ea-a021-4bf5-904f-54bd6b4d4c76'::uuid, 'SROSINSK', 'FLYWAY', '2024-01-22 22:16:16.754', 'FLYWAY', '2024-01-22 22:20:48.186', '2ef70e0e-90fe-44ea-8c2a-85e3e5358981'::uuid, '3f474308-68da-450a-b1ab-fb8a5b7a27ce'::uuid)
ON CONFLICT DO NOTHING;
INSERT INTO officer
(officer_guid, user_id, create_user_id, create_utc_timestamp, update_user_id, update_utc_timestamp, person_guid, office_guid)
VALUES('d148bfc7-b41a-474c-a04e-7218a840daea'::uuid, 'ADLAI', 'FLYWAY', '2024-01-22 22:16:16.754', 'FLYWAY', '2024-01-22 22:20:48.186', 'b9d79ff2-8ec4-4f35-bfa6-d19dbdd2d58e'::uuid, '79fe321b-7716-413f-b878-c5fd6100317d'::uuid)
ON CONFLICT DO NOTHING;
INSERT INTO officer
(officer_guid, user_id, create_user_id, create_utc_timestamp, update_user_id, update_utc_timestamp, person_guid, office_guid)
VALUES('880e237a-a422-4443-a58d-22e5380be86a'::uuid, 'GRLAVERY', 'FLYWAY', '2024-01-22 22:16:16.754', 'FLYWAY', '2024-01-22 22:20:48.186', 'b48487c2-055a-4711-bba8-282a28e52e69'::uuid, 'c3d8519c-73cb-48a1-8058-358883d5ef4f'::uuid)
ON CONFLICT DO NOTHING;
INSERT INTO officer
(officer_guid, user_id, create_user_id, create_utc_timestamp, update_user_id, update_utc_timestamp, person_guid, office_guid)
VALUES('623fbd02-dff5-4d45-9ab3-f0acbe8d83ed'::uuid, 'JXDUNSDO', 'FLYWAY', '2024-01-22 22:16:16.754', 'FLYWAY', '2024-01-22 22:20:48.186', '17439e37-ca97-4031-a009-b23ca58c21e1'::uuid, '5128179c-f622-499b-b8e5-b39199081f22'::uuid)
ON CONFLICT DO NOTHING;
INSERT INTO officer
(officer_guid, user_id, create_user_id, create_utc_timestamp, update_user_id, update_utc_timestamp, person_guid, office_guid, auth_user_guid)
VALUES('b17ee2c1-a26b-4911-ac6f-810b8fdfaab3'::uuid, 'JFUNK', 'FLYWAY', '2024-01-22 22:16:16.754', 'FLYWAY', '2024-01-22 22:20:48.186', '97f3cee5-6f4a-410f-810f-d431595fccee'::uuid, '4a5a94b1-bd47-4611-a577-861d97089903'::uuid, 'f896cbb2d5254e54a4ad581dc80681d1'::uuid)
ON CONFLICT DO NOTHING;
-- Fix keycloak name
UPDATE officer SET user_id = 'JONFUNK' WHERE (officer_guid = 'b17ee2c1-a26b-4911-ac6f-810b8fdfaab3' AND user_id = 'JFUNK');
INSERT INTO officer
(officer_guid, user_id, create_user_id, create_utc_timestamp, update_user_id, update_utc_timestamp, person_guid, office_guid, auth_user_guid)
VALUES('06ff894b-3895-4d32-8a4a-1fcc0be23e47'::uuid, 'RRONDEAU', 'FLYWAY', '2024-01-22 22:16:16.754', 'FLYWAY', '2024-01-22 22:20:48.186', '0667495f-61a5-4d3b-b756-1ee58cb38e23'::uuid, '4a5a94b1-bd47-4611-a577-861d97089903'::uuid, '77c6040d69b74757903f1cba37404db4'::uuid)
ON CONFLICT DO NOTHING;
INSERT INTO officer
(officer_guid, user_id, create_user_id, create_utc_timestamp, update_user_id, update_utc_timestamp, person_guid, office_guid, auth_user_guid)
VALUES('44123934-a2cf-4eae-88af-f682f7548f89'::uuid, 'MVESPRIN', 'FLYWAY', '2024-01-22 22:16:16.754', 'FLYWAY', '2024-01-22 22:20:48.186', '141ebe0c-84c5-487d-8676-caee5de53b36'::uuid, '4a5a94b1-bd47-4611-a577-861d97089903'::uuid, '01a5ad69-0675-4359-a0a7-909f55e2c67a'::uuid)
ON CONFLICT DO NOTHING;
INSERT INTO officer
(officer_guid, user_id, create_user_id, create_utc_timestamp, update_user_id, update_utc_timestamp, person_guid, office_guid, auth_user_guid)
VALUES('236fb546-fae1-47fd-b4c7-d108c0030ee2'::uuid, 'JGAMACHE', 'FLYWAY', '2024-01-22 22:16:16.754', 'FLYWAY', '2024-01-22 22:20:48.186', '0c002922-d315-4fda-8fc5-3793dac12be8'::uuid, '4a5a94b1-bd47-4611-a577-861d97089903'::uuid, '13D3F179-F4CE-4464-A981-141061FD4E58'::uuid)
ON CONFLICT DO NOTHING;


--------------------------------
---  Scatter our team throughout the province for testing
---  Note that this script runs after the seed data script (which runs in prod) and moves us out of COSH
---  back to the original office
--------------------------------


UPDATE officer SET office_guid = '79fe321b-7716-413f-b878-c5fd6100317d' WHERE user_id='ENCETST1';
UPDATE officer SET office_guid = '79fe321b-7716-413f-b878-c5fd6100317d' WHERE user_id='ADLAI';
UPDATE officer SET office_guid = '79fe321b-7716-413f-b878-c5fd6100317d' WHERE user_id='DKORIN';
UPDATE officer SET office_guid = '3f474308-68da-450a-b1ab-fb8a5b7a27ce' WHERE user_id='STRUONG';
UPDATE officer SET office_guid = '9fc7327b-b206-4a5c-88f1-2875a456eb49' WHERE user_id='AWILCOX';
UPDATE officer SET office_guid = 'c8aeb3d9-3718-49d9-b8b5-6c84671546eb' WHERE user_id='NBASKERV';
UPDATE officer SET office_guid = 'b494082e-35a3-468f-8955-4aa002066b36' WHERE user_id='SKOT';
UPDATE officer SET office_guid = '313f4ec3-e88a-41c2-9956-78c7b18cb71d' WHERE user_id='BFALK';
UPDATE officer SET office_guid = 'db343458-8eca-42c2-91ec-070b3e6de663' WHERE user_id='TSPRADO';
UPDATE officer SET office_guid = '79fe321b-7716-413f-b878-c5fd6100317d' WHERE user_id='GRLAVERY';
UPDATE officer SET office_guid = '9fc7327b-b206-4a5c-88f1-2875a456eb49' WHERE user_id='JFUNK';
UPDATE officer SET office_guid = '4a5a94b1-bd47-4611-a577-861d97089903' WHERE user_id='RRONDEAU';
UPDATE officer SET office_guid = '4a5a94b1-bd47-4611-a577-861d97089903' WHERE user_id='MVESPRIN';
UPDATE officer SET office_guid = '4a5a94b1-bd47-4611-a577-861d97089903' WHERE user_id='JGAMACHE';

-- set user VYates's office to Prince George
update officer o 
set office_guid = '3f474308-68da-450a-b1ab-fb8a5b7a27ce'
where officer_guid = '3eac2028-9e13-4a7f-af07-f0b8264f32c4';

-- assign more officers to Prince George
update officer o 
set office_guid = '3f474308-68da-450a-b1ab-fb8a5b7a27ce'
where officer_guid = '6f3e52b6-97aa-457d-999e-e36392e2eadd';

update officer o 
set office_guid = '3f474308-68da-450a-b1ab-fb8a5b7a27ce'
where officer_guid = '3cd1512d-53db-4cce-82d8-71e57de735df';

-- assign more officers to Mkenzie
update officer o 
set office_guid = '3a4e8fc8-db72-4f02-b5ee-1f257c74a635'
where officer_guid = 'c325ec8f-98d6-4720-a339-bf08f21eeb64';

update officer o 
set office_guid = '3a4e8fc8-db72-4f02-b5ee-1f257c74a635'
where officer_guid = 'b5053585-cd8e-4392-b0a7-bc9d6ba7a1cd';

update officer o 
set office_guid = '3a4e8fc8-db72-4f02-b5ee-1f257c74a635'
where officer_guid = '7c4ad99d-0518-4a83-b12d-984d7c25beeb';


-- set user HOLSONs office to Vanderhoof
update officer o 
set office_guid = '5128179c-f622-499b-b8e5-b39199081f22'
where officer_guid = '7fe1cc4e-fc73-412e-9c0e-3f3fec364aac';

-- assign some officers to Vanderhoof office
update officer o 
set office_guid = '5128179c-f622-499b-b8e5-b39199081f22'
where officer_guid = '041430a7-d485-42a9-bda6-7e96b5b71fb3';

update officer o 
set office_guid = '5128179c-f622-499b-b8e5-b39199081f22'
where officer_guid = 'eb27498b-4d7f-4873-98ce-4ddafa65c4b7';

-- assign some officers to Burns Lake office
update officer o 
set office_guid = 'ee09bf4d-e5a1-4fb8-9012-c192692dd1bd'
where officer_guid = 'af70aeb7-2a6b-45a6-b722-926ebec005b5';

update officer o 
set office_guid = 'ee09bf4d-e5a1-4fb8-9012-c192692dd1bd'
where officer_guid = 'a90768f2-ba0e-4786-a68d-1f8b80368e9f';

-- Assign Neil to Prince George
update officer o 
set office_guid = '3f474308-68da-450a-b1ab-fb8a5b7a27ce'
where officer_guid = 'efcbaae4-505b-4db3-b036-7ec8b8dd8c6d';

-- Assign Barrett to Vanderhoof
update officer o 
set office_guid = '5128179c-f622-499b-b8e5-b39199081f22'
where officer_guid = '54892583-7013-48f5-87c8-90c19f95b395';


-- Reset offices to nr-compliance-enforcement values

UPDATE officer SET office_guid = 'cdd9964e-7878-44c1-b4a2-0290c6345dec' WHERE office_guid = '914f8725-7100-4f56-a39b-1c18b0eccb55';
UPDATE officer SET office_guid = 'b494082e-35a3-468f-8955-4aa002066b36' WHERE office_guid = '39e7ad0a-20b1-48b4-be70-dfcc5bc01c3c';
UPDATE officer SET office_guid = 'b494082e-35a3-468f-8955-4aa002066b36' WHERE office_guid = '05633ab9-1502-4566-9364-4b3dac7c1354';
UPDATE officer SET office_guid = 'b494082e-35a3-468f-8955-4aa002066b36' WHERE office_guid = '7da19946-4525-43ff-b4b6-d243a2addaaa';
UPDATE officer SET office_guid = 'b494082e-35a3-468f-8955-4aa002066b36' WHERE office_guid = '4b3a8974-1975-4aaf-9e0a-2d3f5d217805';

--- Change Chris' Office to Kamloops to align with Unit tests
UPDATE officer set office_guid = '3a070028-2c6f-4ea9-a548-271cf076280a' WHERE user_id = 'CNESMITH';

-- Create new user Jo-Anne
INSERT INTO person
(person_guid, first_name, middle_name_1, middle_name_2, last_name, create_user_id, create_utc_timestamp, update_user_id, update_utc_timestamp)
VALUES('85484a31-5370-4763-81cc-f9c2b5f97110'::uuid, 'Jo-Anne', NULL, NULL, 'Chartrand', 'FLYWAY', '2023-10-06 11:21:10.630', 'FLYWAY', '2023-10-06 11:21:10.630')
ON CONFLICT DO NOTHING;

INSERT INTO officer
(officer_guid, user_id, create_user_id, create_utc_timestamp, update_user_id, update_utc_timestamp, person_guid, office_guid, auth_user_guid)
VALUES('49af7913-bfee-48f3-b1b7-51e2b6134b64'::uuid, 'JOCHARTR', 'FLYWAY', '2023-10-06 11:22:45.560', 'FLYWAY', '2023-10-06 11:25:55.828', '85484a31-5370-4763-81cc-f9c2b5f97110'::uuid, '3f474308-68da-450a-b1ab-fb8a5b7a27ce'::uuid, 'b4bb40f5-ee23-4c99-b63c-e741ce61b589'::uuid)
ON CONFLICT DO NOTHING;


-- CE-946 Add Auth Guids so people show up properly in assignment modals

UPDATE officer
SET
  auth_user_guid = 'ef0bc810-58a7-4080-ad7a-b5bbdd0d2efe'
WHERE
  user_id = 'NBASKERV';

UPDATE officer
SET
  auth_user_guid = '92a81ac4-d767-414f-a759-b0be2373a072'
WHERE
  user_id = 'HOLSON';

UPDATE officer
SET
  auth_user_guid = 'e6c47d9c-39d2-48c1-a0c9-2c0fa309ac66'
WHERE
  user_id = 'VYATES';

UPDATE officer
SET
  auth_user_guid = '382e7b5f-57c0-4a89-8836-7dbf8e2bc412'
WHERE
  user_id = 'AGUPTA';

UPDATE officer
SET
  auth_user_guid = '6def8986-1b18-4205-8283-d6fd633b3eee'
WHERE
  user_id = 'BFALK';

UPDATE officer
SET
  auth_user_guid = '91959e79-cafa-4b21-bfc6-60012d3e0790'
WHERE
  user_id = 'CNESMITH';

UPDATE officer
SET
  auth_user_guid = '93a3dee6-6ee6-4f74-8539-69f122648ab1'
WHERE
  user_id = 'MSEARS';

UPDATE officer
SET
  auth_user_guid = '287d4e72-8409-4dd1-991a-8b1117b8eb2a'
WHERE
  user_id = 'AWILCOX';

UPDATE officer
SET
  auth_user_guid = '864f2a4a-135e-481c-bec6-2d58d966eb82'
WHERE
  user_id = 'TSPRADO';

UPDATE officer
SET
  auth_user_guid = 'ef0bc810-58a7-4080-ad7a-b5bbdd0d2efe'
WHERE
  user_id = 'NBASKERV';

UPDATE officer
SET
  auth_user_guid = '92a81ac4-d767-414f-a759-b0be2373a072'
WHERE
  user_id = 'HOLSON';

UPDATE officer
SET
  auth_user_guid = 'e6c47d9c-39d2-48c1-a0c9-2c0fa309ac66'
WHERE
  user_id = 'VYATES';

UPDATE officer
SET
  auth_user_guid = '382e7b5f-57c0-4a89-8836-7dbf8e2bc412'
WHERE
  user_id = 'AGUPTA';

UPDATE officer
SET
  auth_user_guid = '6def8986-1b18-4205-8283-d6fd633b3eee'
WHERE
  user_id = 'BFALK';

UPDATE officer
SET
  auth_user_guid = '91959e79-cafa-4b21-bfc6-60012d3e0790'
WHERE
  user_id = 'CNESMITH';

UPDATE officer
SET
  auth_user_guid = '287d4e72-8409-4dd1-991a-8b1117b8eb2a'
WHERE
  user_id = 'AWILCOX';

UPDATE officer
SET
  auth_user_guid = '864f2a4a-135e-481c-bec6-2d58d966eb82'
WHERE
  user_id = 'TSPRADO';

UPDATE officer
SET
  auth_user_guid = 'b4bb40f5-ee23-4c99-b63c-e741ce61b589'
WHERE
  user_id = 'JOCHARTR';

UPDATE officer
SET
  auth_user_guid = '0a24b8a9-cb08-4ae2-8287-d5caa3d79007'
WHERE
  user_id = 'ADLAI';

UPDATE officer
SET
  auth_user_guid = 'c3a081db-a974-449c-9947-8ac8522ba3af'
WHERE
  user_id = 'STRUONG';

UPDATE officer
SET
  auth_user_guid = '87a1058f-97c0-4bd7-a07c-c31fe40a2230'
WHERE
  user_id = 'DVUIA';

UPDATE officer
SET
  auth_user_guid = 'd072fbaa-8668-412c-8dc1-a19e19cb9622'
WHERE
  user_id = 'DKORIN';

UPDATE officer
SET
  auth_user_guid = '9b20d8a3-2870-40e3-b8a2-ef76d5f77708'
WHERE
  user_id = 'SROSINSK';

UPDATE officer
SET
  auth_user_guid = '0730050a-d985-4260-b1e2-fad8f6484ba1'
WHERE
  user_id = 'KNORBERG';

UPDATE officer
SET
  auth_user_guid = 'b4bb40f5-ee23-4c99-b63c-e741ce61b589'
WHERE
  user_id = 'JOCHARTR';

UPDATE officer
SET
  auth_user_guid = 'fa4fc3b6-346c-401b-8a29-cd76a097e7b2'
WHERE
  user_id = 'SNORRIS';

UPDATE officer
SET
  auth_user_guid = 'eb1ed21e-2da3-40fa-aa82-ae8e52a337ff'
WHERE
  user_id = 'TARWILLI';

UPDATE officer
SET
  auth_user_guid = '07a5cdfa-ff86-4755-ad77-4a5d20c66bea'
WHERE
  user_id = 'CELDER';

UPDATE officer
SET
  auth_user_guid = '0b524c8e-d202-44ae-a5a0-559930f3187e'
WHERE
  user_id = 'NSMIENK';

UPDATE officer
SET
  auth_user_guid = 'eee4b016-7f48-43cb-bd22-325e91bc52c0'
WHERE
  user_id = 'MAWILSON';

UPDATE officer
SET
  auth_user_guid = 'c3a081db-a974-449c-9947-8ac8522ba3af'
WHERE
  user_id = 'STRUONG';

UPDATE officer
SET
  auth_user_guid = '87a1058f-97c0-4bd7-a07c-c31fe40a2230'
WHERE
  user_id = 'DVUIA';

UPDATE officer
SET
  auth_user_guid = '7ecde23e-9142-4d9b-9e6b-f00b4a549a59'
WHERE
  user_id = 'MGEUZE';

UPDATE officer
SET
  auth_user_guid = 'f97fcfac-8ff3-407a-be02-a1fac8dcd915'
WHERE
  user_id = 'HDUMAINE';

UPDATE officer
SET
  auth_user_guid = 'd072fbaa-8668-412c-8dc1-a19e19cb9622'
WHERE
  user_id = 'DKORIN';

UPDATE officer
SET
  auth_user_guid = 'c75021f9-0956-48cf-bde9-20927e56766c'
WHERE
  user_id = 'TBECK';

UPDATE officer
SET
  auth_user_guid = '9b20d8a3-2870-40e3-b8a2-ef76d5f77708'
WHERE
  user_id = 'SROSINSK';

UPDATE officer
SET
  auth_user_guid = 'e614ed75-e41b-4a5b-a1d8-c118db970ab8'
WHERE
  user_id = 'LGUGLIEL';

UPDATE officer
SET
  auth_user_guid = '0730050a-d985-4260-b1e2-fad8f6484ba1'
WHERE
  user_id = 'KNORBERG';

UPDATE officer
SET
  auth_user_guid = 'fa4fc3b6-346c-401b-8a29-cd76a097e7b2'
WHERE
  user_id = 'SNORRIS';

UPDATE officer
SET
  auth_user_guid = 'c559a49f-1992-4641-b8a5-3302833d3a7e'
WHERE
  user_id = 'AEAGLES';

UPDATE officer
SET
  auth_user_guid = 'fef9665c-35ee-4caa-88ff-05864f400115'
WHERE
  user_id = 'BCARUTH';

UPDATE officer
SET
  auth_user_guid = 'eb1ed21e-2da3-40fa-aa82-ae8e52a337ff'
WHERE
  user_id = 'TARWILLI';

UPDATE officer
SET
  auth_user_guid = '07a5cdfa-ff86-4755-ad77-4a5d20c66bea'
WHERE
  user_id = 'CELDER';


UPDATE officer
SET
  auth_user_guid = '0b524c8e-d202-44ae-a5a0-559930f3187e'
WHERE
  user_id = 'NSMIENK';

UPDATE officer
SET
  auth_user_guid = '82e8d3b4-bad0-45e8-ad39-80d426ea781c'
WHERE
  user_id = 'JXDUNSDO';

UPDATE officer
SET
  auth_user_guid = 'e3ae2a67-83f4-42de-b248-46f217321784'
WHERE
  user_id = 'GRLAVERY';

UPDATE officer
SET
  auth_user_guid = 'eee4b016-7f48-43cb-bd22-325e91bc52c0'
WHERE
  user_id = 'MAWILSON';

UPDATE officer
SET
  auth_user_guid = 'd657346c-8be6-42cd-9864-120034167892'
WHERE
  user_id = 'MITO';

UPDATE officer
SET
  auth_user_guid = '7ecde23e-9142-4d9b-9e6b-f00b4a549a59'
WHERE
  user_id = 'MGEUZE';

UPDATE officer
SET
  auth_user_guid = '1432407d-f11b-419c-9c26-96259c0600e2'
WHERE
  user_id = 'JCLAUSEN';

UPDATE officer
SET
  auth_user_guid = 'f97fcfac-8ff3-407a-be02-a1fac8dcd915'
WHERE
  user_id = 'HDUMAINE';

UPDATE officer
SET
  auth_user_guid = 'c75021f9-0956-48cf-bde9-20927e56766c'
WHERE
  user_id = 'TBECK';

UPDATE officer
SET
  auth_user_guid = 'a2c7ef60-5ed1-42c2-8a74-6ac1606b4aec'
WHERE
  user_id = 'MCHAYER';

UPDATE officer
SET
  auth_user_guid = '83fe7ae8-99ad-4153-a459-670c89a954be'
WHERE
  user_id = 'ELPEDERS';

UPDATE officer
SET
  auth_user_guid = 'e614ed75-e41b-4a5b-a1d8-c118db970ab8'
WHERE
  user_id = 'LGUGLIEL';

UPDATE officer
SET
  auth_user_guid = 'ba9f3a7f-9434-4ccb-a861-307622a2d339'
WHERE
  user_id = 'BEPARKER';

UPDATE officer
SET
  auth_user_guid = 'c559a49f-1992-4641-b8a5-3302833d3a7e'
WHERE
  user_id = 'AEAGLES';

UPDATE officer
SET
  auth_user_guid = 'e7d909cb-57c7-4e3d-b4fc-17a732111070'
WHERE
  user_id = 'JCLANCY';

UPDATE officer
SET
  auth_user_guid = 'fef9665c-35ee-4caa-88ff-05864f400115'
WHERE
  user_id = 'BCARUTH';

UPDATE officer
SET
  auth_user_guid = 'a5354b38-ab6a-4b5d-8046-5f4bd1bc3c4b'
WHERE
  user_id = 'EHARBICH';

UPDATE officer
SET
  auth_user_guid = 'da2fe7e1-fb07-4679-9e2f-1b66df8e7e1b'
WHERE
  user_id = 'JDAMERT';

UPDATE officer
SET
  auth_user_guid = '82e8d3b4-bad0-45e8-ad39-80d426ea781c'
WHERE
  user_id = 'JXDUNSDO';

UPDATE officer
SET
  auth_user_guid = '091e810a-c6ac-4754-b762-f10bbc4651e2'
WHERE
  user_id = 'RGROEGER';

UPDATE officer
SET
  auth_user_guid = 'c7e86014-2cdd-4e87-9a85-efa280842a43'
WHERE
  user_id = 'KMAYOWSK';

UPDATE officer
SET
  auth_user_guid = 'd657346c-8be6-42cd-9864-120034167892'
WHERE
  user_id = 'MITO';

UPDATE officer
SET
  auth_user_guid = '303c6924-2540-4490-8581-70fddf8b3d70'
WHERE
  user_id = 'TYILDIRO';

UPDATE officer
SET
  auth_user_guid = '1432407d-f11b-419c-9c26-96259c0600e2'
WHERE
  user_id = 'JCLAUSEN';

UPDATE officer
SET
  auth_user_guid = 'a2c7ef60-5ed1-42c2-8a74-6ac1606b4aec'
WHERE
  user_id = 'MCHAYER';

UPDATE officer
SET
  auth_user_guid = '83fe7ae8-99ad-4153-a459-670c89a954be'
WHERE
  user_id = 'ELPEDERS';

UPDATE officer
SET
  auth_user_guid = 'ba9f3a7f-9434-4ccb-a861-307622a2d339'
WHERE
  user_id = 'BEPARKER';

UPDATE officer
SET
  auth_user_guid = 'e7d909cb-57c7-4e3d-b4fc-17a732111070'
WHERE
  user_id = 'JCLANCY';

UPDATE officer
SET
  auth_user_guid = 'a5354b38-ab6a-4b5d-8046-5f4bd1bc3c4b'
WHERE
  user_id = 'EHARBICH';

UPDATE officer
SET
  auth_user_guid = 'da2fe7e1-fb07-4679-9e2f-1b66df8e7e1b'
WHERE
  user_id = 'JDAMERT';

UPDATE officer
SET
  auth_user_guid = '091e810a-c6ac-4754-b762-f10bbc4651e2'
WHERE
  user_id = 'RGROEGER';

UPDATE officer
SET
  auth_user_guid = 'c7e86014-2cdd-4e87-9a85-efa280842a43'
WHERE
  user_id = 'KMAYOWSK';

UPDATE officer
SET
  auth_user_guid = '303c6924-2540-4490-8581-70fddf8b3d70'
WHERE
  user_id = 'TYILDIRO';

---------------------
-- Assign offiers with no office or agency to CEEB
---------------------
UPDATE officer
SET agency_code_ref = 'EPO'
WHERE office_guid is null
AND agency_code_ref is null;

-----------------------
-- Default users with a null agency to COS 
-- This really only affects the Dev environment as everyone in test has already been set
-- This may cause some odd display issues if this script conflicts with a role set in CSS
-- In the event of mismatch - just update the user in CSS to be the desired role
-----------------------
UPDATE officer 
SET agency_code_ref = 'COS'
WHERE agency_code_ref is null;
