-------------------------
-- Insert OFFICE records
-------------------------

INSERT INTO office
(office_guid, create_user_id, create_utc_timestamp, update_user_id, update_utc_timestamp, geo_organization_unit_code, agency_code)
VALUES('db343458-8eca-42c2-91ec-070b3e6de663'::uuid, 'nr-compliance-enforcement', '2023-06-29 22:16:16.754', 'nr-compliance-enforcement', '2023-06-29 22:16:16.754', '100MLHSE', 'COS')
ON CONFLICT DO NOTHING;
INSERT INTO office
(office_guid, create_user_id, create_utc_timestamp, update_user_id, update_utc_timestamp, geo_organization_unit_code, agency_code)
VALUES('5c7023b9-710e-4333-bbcb-8a95350b747c'::uuid, 'nr-compliance-enforcement', '2023-06-29 22:16:16.754', 'nr-compliance-enforcement', '2023-06-29 22:16:16.754', 'ATLIN', 'COS')
ON CONFLICT DO NOTHING;
INSERT INTO office
(office_guid, create_user_id, create_utc_timestamp, update_user_id, update_utc_timestamp, geo_organization_unit_code, agency_code)
VALUES('cdd9964e-7878-44c1-b4a2-0290c6345dec'::uuid, 'nr-compliance-enforcement', '2023-06-29 22:16:16.754', 'nr-compliance-enforcement', '2023-06-29 22:16:16.754', 'BLLACLA', 'COS')
ON CONFLICT DO NOTHING;
INSERT INTO office
(office_guid, create_user_id, create_utc_timestamp, update_user_id, update_utc_timestamp, geo_organization_unit_code, agency_code)
VALUES('3338cb74-5be4-4ed3-8b11-41f83d72de00'::uuid, 'nr-compliance-enforcement', '2023-06-29 22:16:16.754', 'nr-compliance-enforcement', '2023-06-29 22:16:16.754', 'BLKCRKCR', 'COS')
ON CONFLICT DO NOTHING;
INSERT INTO office
(office_guid, create_user_id, create_utc_timestamp, update_user_id, update_utc_timestamp, geo_organization_unit_code, agency_code)
VALUES('ee09bf4d-e5a1-4fb8-9012-c192692dd1bd'::uuid, 'nr-compliance-enforcement', '2023-06-29 22:16:16.754', 'nr-compliance-enforcement', '2023-06-29 22:16:16.754', 'BURNSLK', 'COS')
ON CONFLICT DO NOTHING;
INSERT INTO office
(office_guid, create_user_id, create_utc_timestamp, update_user_id, update_utc_timestamp, geo_organization_unit_code, agency_code)
VALUES('aebabfed-cf45-4253-9fbf-f49452190332'::uuid, 'nr-compliance-enforcement', '2023-06-29 22:16:16.754', 'nr-compliance-enforcement', '2023-06-29 22:16:16.754', 'CSTLGAR', 'COS')
ON CONFLICT DO NOTHING;
INSERT INTO office
(office_guid, create_user_id, create_utc_timestamp, update_user_id, update_utc_timestamp, geo_organization_unit_code, agency_code)
VALUES('92bad201-cccc-4021-9c79-bbdcf13947f2'::uuid, 'nr-compliance-enforcement', '2023-06-29 22:16:16.754', 'nr-compliance-enforcement', '2023-06-29 22:16:16.754', 'CHTWD', 'COS')
ON CONFLICT DO NOTHING;
INSERT INTO office
(office_guid, create_user_id, create_utc_timestamp, update_user_id, update_utc_timestamp, geo_organization_unit_code, agency_code)
VALUES('79fe321b-7716-413f-b878-c5fd6100317d'::uuid, 'nr-compliance-enforcement', '2023-06-29 22:16:16.754', 'nr-compliance-enforcement', '2023-06-29 22:16:16.754', 'CLRWTER', 'COS')
ON CONFLICT DO NOTHING;
INSERT INTO office
(office_guid, create_user_id, create_utc_timestamp, update_user_id, update_utc_timestamp, geo_organization_unit_code, agency_code)
VALUES('19addcac-91b2-4ab3-83b9-9a26baa1e635'::uuid, 'nr-compliance-enforcement', '2023-06-29 22:16:16.754', 'nr-compliance-enforcement', '2023-06-29 22:16:16.754', 'CRNBK', 'COS')
ON CONFLICT DO NOTHING;
INSERT INTO office
(office_guid, create_user_id, create_utc_timestamp, update_user_id, update_utc_timestamp, geo_organization_unit_code, agency_code)
VALUES('2044f08d-b53c-489a-8584-dd867b63514a'::uuid, 'nr-compliance-enforcement', '2023-06-29 22:16:16.754', 'nr-compliance-enforcement', '2023-06-29 22:16:16.754', 'CRSTN', 'COS')
ON CONFLICT DO NOTHING;
INSERT INTO office
(office_guid, create_user_id, create_utc_timestamp, update_user_id, update_utc_timestamp, geo_organization_unit_code, agency_code)
VALUES('55d7b990-8123-492f-8b5b-7cbbd14ac423'::uuid, 'nr-compliance-enforcement', '2023-06-29 22:16:16.754', 'nr-compliance-enforcement', '2023-06-29 22:16:16.754', 'DJNG', 'COS')
ON CONFLICT DO NOTHING;
INSERT INTO office
(office_guid, create_user_id, create_utc_timestamp, update_user_id, update_utc_timestamp, geo_organization_unit_code, agency_code)
VALUES('4a5a94b1-bd47-4611-a577-861d97089903'::uuid, 'nr-compliance-enforcement', '2023-06-29 22:16:16.754', 'nr-compliance-enforcement', '2023-06-29 22:16:16.754', 'DWSNCRK', 'COS')
ON CONFLICT DO NOTHING;
INSERT INTO office
(office_guid, create_user_id, create_utc_timestamp, update_user_id, update_utc_timestamp, geo_organization_unit_code, agency_code)
VALUES('f30857bf-bab9-491a-b38f-83600238c36d'::uuid, 'nr-compliance-enforcement', '2023-06-29 22:16:16.754', 'nr-compliance-enforcement', '2023-06-29 22:16:16.754', 'DSELK', 'COS')
ON CONFLICT DO NOTHING;
INSERT INTO office
(office_guid, create_user_id, create_utc_timestamp, update_user_id, update_utc_timestamp, geo_organization_unit_code, agency_code)
VALUES('f7065a6e-2481-4526-b874-6ab98009481d'::uuid, 'nr-compliance-enforcement', '2023-06-29 22:16:16.754', 'nr-compliance-enforcement', '2023-06-29 22:16:16.754', 'DNCN', 'COS')
ON CONFLICT DO NOTHING;
INSERT INTO office
(office_guid, create_user_id, create_utc_timestamp, update_user_id, update_utc_timestamp, geo_organization_unit_code, agency_code)
VALUES('784080e4-9674-4c84-ac3e-bf161b09c2de'::uuid, 'nr-compliance-enforcement', '2023-06-29 22:16:16.754', 'nr-compliance-enforcement', '2023-06-29 22:16:16.754', 'FRNIE', 'COS')
ON CONFLICT DO NOTHING;
INSERT INTO office
(office_guid, create_user_id, create_utc_timestamp, update_user_id, update_utc_timestamp, geo_organization_unit_code, agency_code)
VALUES('edd4b298-ced7-4b10-9232-87512ec640b3'::uuid, 'nr-compliance-enforcement', '2023-06-29 22:16:16.754', 'nr-compliance-enforcement', '2023-06-29 22:16:16.754', 'FRTNLN', 'COS')
ON CONFLICT DO NOTHING;
INSERT INTO office
(office_guid, create_user_id, create_utc_timestamp, update_user_id, update_utc_timestamp, geo_organization_unit_code, agency_code)
VALUES('e0ad7fe3-59da-4e1a-a611-46ccf7ea7396'::uuid, 'nr-compliance-enforcement', '2023-06-29 22:16:16.754', 'nr-compliance-enforcement', '2023-06-29 22:16:16.754', 'FRTSTJN', 'COS')
ON CONFLICT DO NOTHING;
INSERT INTO office
(office_guid, create_user_id, create_utc_timestamp, update_user_id, update_utc_timestamp, geo_organization_unit_code, agency_code)
VALUES('643a4ff7-9135-4e6d-86ad-f2f8aac195ef'::uuid, 'nr-compliance-enforcement', '2023-06-29 22:16:16.754', 'nr-compliance-enforcement', '2023-06-29 22:16:16.754', 'GLDN', 'COS')
ON CONFLICT DO NOTHING;
INSERT INTO office
(office_guid, create_user_id, create_utc_timestamp, update_user_id, update_utc_timestamp, geo_organization_unit_code, agency_code)
VALUES('c8aeb3d9-3718-49d9-b8b5-6c84671546eb'::uuid, 'nr-compliance-enforcement', '2023-06-29 22:16:16.754', 'nr-compliance-enforcement', '2023-06-29 22:16:16.754', 'GDFKS', 'COS')
ON CONFLICT DO NOTHING;
INSERT INTO office
(office_guid, create_user_id, create_utc_timestamp, update_user_id, update_utc_timestamp, geo_organization_unit_code, agency_code)
VALUES('a5e2e92e-4928-4dbc-8165-e06234b051c1'::uuid, 'nr-compliance-enforcement', '2023-06-29 22:16:16.754', 'nr-compliance-enforcement', '2023-06-29 22:16:16.754', 'INVRM', 'COS')
ON CONFLICT DO NOTHING;
INSERT INTO office
(office_guid, create_user_id, create_utc_timestamp, update_user_id, update_utc_timestamp, geo_organization_unit_code, agency_code)
VALUES('3a070028-2c6f-4ea9-a548-271cf076280a'::uuid, 'nr-compliance-enforcement', '2023-06-29 22:16:16.754', 'nr-compliance-enforcement', '2023-06-29 22:16:16.754', 'KMLPS', 'COS')
ON CONFLICT DO NOTHING;
INSERT INTO office
(office_guid, create_user_id, create_utc_timestamp, update_user_id, update_utc_timestamp, geo_organization_unit_code, agency_code)
VALUES('21855957-521f-4190-b0f9-a7ab7d139978'::uuid, 'nr-compliance-enforcement', '2023-06-29 22:16:16.754', 'nr-compliance-enforcement', '2023-06-29 22:16:16.754', 'KLWNA', 'COS')
ON CONFLICT DO NOTHING;
INSERT INTO office
(office_guid, create_user_id, create_utc_timestamp, update_user_id, update_utc_timestamp, geo_organization_unit_code, agency_code)
VALUES('33dc58c7-2ebf-4924-93f9-168073058273'::uuid, 'nr-compliance-enforcement', '2023-06-29 22:16:16.754', 'nr-compliance-enforcement', '2023-06-29 22:16:16.754', 'LLT', 'COS')
ON CONFLICT DO NOTHING;
INSERT INTO office
(office_guid, create_user_id, create_utc_timestamp, update_user_id, update_utc_timestamp, geo_organization_unit_code, agency_code)
VALUES('3a4e8fc8-db72-4f02-b5ee-1f257c74a635'::uuid, 'nr-compliance-enforcement', '2023-06-29 22:16:16.754', 'nr-compliance-enforcement', '2023-06-29 22:16:16.754', 'MKNZI', 'COS')
ON CONFLICT DO NOTHING;
INSERT INTO office
(office_guid, create_user_id, create_utc_timestamp, update_user_id, update_utc_timestamp, geo_organization_unit_code, agency_code)
VALUES('e6807e73-f591-459a-b0f7-413f6fb2984e'::uuid, 'nr-compliance-enforcement', '2023-06-29 22:16:16.754', 'nr-compliance-enforcement', '2023-06-29 22:16:16.754', 'MRRTT', 'COS')
ON CONFLICT DO NOTHING;
INSERT INTO office
(office_guid, create_user_id, create_utc_timestamp, update_user_id, update_utc_timestamp, geo_organization_unit_code, agency_code)
VALUES('8f9e10a8-53b5-4125-8d8f-b7fbfdd6ae47'::uuid, 'nr-compliance-enforcement', '2023-06-29 22:16:16.754', 'nr-compliance-enforcement', '2023-06-29 22:16:16.754', 'MSNCHWK', 'COS')
ON CONFLICT DO NOTHING;
INSERT INTO office
(office_guid, create_user_id, create_utc_timestamp, update_user_id, update_utc_timestamp, geo_organization_unit_code, agency_code)
VALUES('491941e6-89a7-473f-b246-a2d8cd21b078'::uuid, 'nr-compliance-enforcement', '2023-06-29 22:16:16.754', 'nr-compliance-enforcement', '2023-06-29 22:16:16.754', 'MSNMPLRD', 'COS')
ON CONFLICT DO NOTHING;
INSERT INTO office
(office_guid, create_user_id, create_utc_timestamp, update_user_id, update_utc_timestamp, geo_organization_unit_code, agency_code)
VALUES('00048dd4-17b0-4fdc-a3fb-54f820970422'::uuid, 'nr-compliance-enforcement', '2023-06-29 22:16:16.754', 'nr-compliance-enforcement', '2023-06-29 22:16:16.754', 'MSNSR', 'COS')
ON CONFLICT DO NOTHING;
INSERT INTO office
(office_guid, create_user_id, create_utc_timestamp, update_user_id, update_utc_timestamp, geo_organization_unit_code, agency_code)
VALUES('6496f00f-5397-470d-90db-490e6859256a'::uuid, 'nr-compliance-enforcement', '2023-06-29 22:16:16.754', 'nr-compliance-enforcement', '2023-06-29 22:16:16.754', 'NNIMO', 'COS')
ON CONFLICT DO NOTHING;
INSERT INTO office
(office_guid, create_user_id, create_utc_timestamp, update_user_id, update_utc_timestamp, geo_organization_unit_code, agency_code)
VALUES('4ff0d641-4c60-4a0a-964e-6e0ac5bfa8de'::uuid, 'nr-compliance-enforcement', '2023-06-29 22:16:16.754', 'nr-compliance-enforcement', '2023-06-29 22:16:16.754', 'NLSON', 'COS')
ON CONFLICT DO NOTHING;
INSERT INTO office
(office_guid, create_user_id, create_utc_timestamp, update_user_id, update_utc_timestamp, geo_organization_unit_code, agency_code)
VALUES('b494082e-35a3-468f-8955-4aa002066b36'::uuid, 'nr-compliance-enforcement', '2023-06-29 22:16:16.754', 'nr-compliance-enforcement', '2023-06-29 22:16:16.754', 'PNTCTN', 'COS')
ON CONFLICT DO NOTHING;
INSERT INTO office
(office_guid, create_user_id, create_utc_timestamp, update_user_id, update_utc_timestamp, geo_organization_unit_code, agency_code)
VALUES('305f0ee6-b525-40fd-b2d8-c7a882e8b7fd'::uuid, 'nr-compliance-enforcement', '2023-06-29 22:16:16.754', 'nr-compliance-enforcement', '2023-06-29 22:16:16.754', 'PRTALB', 'COS')
ON CONFLICT DO NOTHING;
INSERT INTO office
(office_guid, create_user_id, create_utc_timestamp, update_user_id, update_utc_timestamp, geo_organization_unit_code, agency_code)
VALUES('3058b00c-cafd-4eba-a1a4-a989ccff00bf'::uuid, 'nr-compliance-enforcement', '2023-06-29 22:16:16.754', 'nr-compliance-enforcement', '2023-06-29 22:16:16.754', 'PRTMCNL', 'COS')
ON CONFLICT DO NOTHING;
INSERT INTO office
(office_guid, create_user_id, create_utc_timestamp, update_user_id, update_utc_timestamp, geo_organization_unit_code, agency_code)
VALUES('cd101564-6114-49e0-9e87-fa6e4925dbb7'::uuid, 'nr-compliance-enforcement', '2023-06-29 22:16:16.754', 'nr-compliance-enforcement', '2023-06-29 22:16:16.754', 'PWLRV', 'COS')
ON CONFLICT DO NOTHING;
INSERT INTO office
(office_guid, create_user_id, create_utc_timestamp, update_user_id, update_utc_timestamp, geo_organization_unit_code, agency_code)
VALUES('3f474308-68da-450a-b1ab-fb8a5b7a27ce'::uuid, 'nr-compliance-enforcement', '2023-06-29 22:16:16.754', 'nr-compliance-enforcement', '2023-06-29 22:16:16.754', 'PRCG', 'COS')
ON CONFLICT DO NOTHING;
INSERT INTO office
(office_guid, create_user_id, create_utc_timestamp, update_user_id, update_utc_timestamp, geo_organization_unit_code, agency_code)
VALUES('313f4ec3-e88a-41c2-9956-78c7b18cb71d'::uuid, 'nr-compliance-enforcement', '2023-06-29 22:16:16.754', 'nr-compliance-enforcement', '2023-06-29 22:16:16.754', 'QSNL', 'COS')
ON CONFLICT DO NOTHING;
INSERT INTO office
(office_guid, create_user_id, create_utc_timestamp, update_user_id, update_utc_timestamp, geo_organization_unit_code, agency_code)
VALUES('19d0f476-0fc4-4fe1-b7aa-b76d3c2c5b9b'::uuid, 'nr-compliance-enforcement', '2023-06-29 22:16:16.754', 'nr-compliance-enforcement', '2023-06-29 22:16:16.754', 'SLMONRM', 'COS')
ON CONFLICT DO NOTHING;
INSERT INTO office
(office_guid, create_user_id, create_utc_timestamp, update_user_id, update_utc_timestamp, geo_organization_unit_code, agency_code)
VALUES('b74014cf-1d80-4074-97c0-024a422d24f9'::uuid, 'nr-compliance-enforcement', '2023-06-29 22:16:16.754', 'nr-compliance-enforcement', '2023-06-29 22:16:16.754', 'SCHLT', 'COS')
ON CONFLICT DO NOTHING;
INSERT INTO office
(office_guid, create_user_id, create_utc_timestamp, update_user_id, update_utc_timestamp, geo_organization_unit_code, agency_code)
VALUES('cbd8d434-f525-410b-9c3c-119b82a31813'::uuid, 'nr-compliance-enforcement', '2023-06-29 22:16:16.754', 'nr-compliance-enforcement', '2023-06-29 22:16:16.754', 'SMITHRS', 'COS')
ON CONFLICT DO NOTHING;
INSERT INTO office
(office_guid, create_user_id, create_utc_timestamp, update_user_id, update_utc_timestamp, geo_organization_unit_code, agency_code)
VALUES('38105a68-c83d-44e5-af6e-9cfa40792118'::uuid, 'nr-compliance-enforcement', '2023-06-29 22:16:16.754', 'nr-compliance-enforcement', '2023-06-29 22:16:16.754', 'SQMSHWHS', 'COS')
ON CONFLICT DO NOTHING;
INSERT INTO office
(office_guid, create_user_id, create_utc_timestamp, update_user_id, update_utc_timestamp, geo_organization_unit_code, agency_code)
VALUES('0f2cdcb7-c4ba-457d-adac-adde1d8c077a'::uuid, 'nr-compliance-enforcement', '2023-06-29 22:16:16.754', 'nr-compliance-enforcement', '2023-06-29 22:16:16.754', 'TERRC', 'COS')
ON CONFLICT DO NOTHING;
INSERT INTO office
(office_guid, create_user_id, create_utc_timestamp, update_user_id, update_utc_timestamp, geo_organization_unit_code, agency_code)
VALUES('5128179c-f622-499b-b8e5-b39199081f22'::uuid, 'nr-compliance-enforcement', '2023-06-29 22:16:16.754', 'nr-compliance-enforcement', '2023-06-29 22:16:16.754', 'VNDHF', 'COS')
ON CONFLICT DO NOTHING;
INSERT INTO office
(office_guid, create_user_id, create_utc_timestamp, update_user_id, update_utc_timestamp, geo_organization_unit_code, agency_code)
VALUES('1f4d9042-d6a5-46b6-a860-e1de7edb6add'::uuid, 'nr-compliance-enforcement', '2023-06-29 22:16:16.754', 'nr-compliance-enforcement', '2023-06-29 22:16:16.754', 'VRNON', 'COS')
ON CONFLICT DO NOTHING;
INSERT INTO office
(office_guid, create_user_id, create_utc_timestamp, update_user_id, update_utc_timestamp, geo_organization_unit_code, agency_code)
VALUES('45abdc96-1b07-4b9c-8b05-e2b0c46c1d1d'::uuid, 'nr-compliance-enforcement', '2023-06-29 22:16:16.754', 'nr-compliance-enforcement', '2023-06-29 22:16:16.754', 'VICTRA', 'COS')
ON CONFLICT DO NOTHING;
INSERT INTO office
(office_guid, create_user_id, create_utc_timestamp, update_user_id, update_utc_timestamp, geo_organization_unit_code, agency_code)
VALUES('9fc7327b-b206-4a5c-88f1-2875a456eb49'::uuid, 'nr-compliance-enforcement', '2023-06-29 22:16:16.754', 'nr-compliance-enforcement', '2023-06-29 22:16:16.754', 'WLMSLK', 'COS')
ON CONFLICT DO NOTHING;

-------------------------
-- Insert PERSON records
-------------------------

INSERT INTO person
(person_guid, first_name, middle_name_1, middle_name_2, last_name, create_user_id, create_utc_timestamp, update_user_id, update_utc_timestamp)
VALUES('4fb86d65-1cd0-429d-a75a-456bf8d60ba3'::uuid, 'Julia', 'R.', NULL, 'McMillan', 'FLYWAY', '2023-06-29 22:16:12.572', 'FLYWAY', '2023-06-29 22:16:12.572')
ON CONFLICT DO NOTHING;
INSERT INTO person
(person_guid, first_name, middle_name_1, middle_name_2, last_name, create_user_id, create_utc_timestamp, update_user_id, update_utc_timestamp)
VALUES('6fd73cad-cbc7-49f1-888a-b24dc8abd824'::uuid, 'Neil', NULL, NULL, 'Baskerville-Bridges', 'FLYWAY', '2023-06-29 22:16:16.754', 'FLYWAY', '2023-06-29 22:16:16.754')
ON CONFLICT DO NOTHING;
INSERT INTO person
(person_guid, first_name, middle_name_1, middle_name_2, last_name, create_user_id, create_utc_timestamp, update_user_id, update_utc_timestamp)
VALUES('5169b4e9-4d93-42bf-b7f4-70f329bfd22c'::uuid, 'Steve', NULL, NULL, 'Kot', 'FLYWAY', '2023-06-29 22:16:16.754', 'FLYWAY', '2023-06-29 22:16:16.754')
ON CONFLICT DO NOTHING;
INSERT INTO person
(person_guid, first_name, middle_name_1, middle_name_2, last_name, create_user_id, create_utc_timestamp, update_user_id, update_utc_timestamp)
VALUES('7430e049-ac60-441c-a873-ee826a0b0bfc'::uuid, 'Harry', NULL, NULL, 'Olson', 'FLYWAY', '2023-06-29 22:16:16.754', 'FLYWAY', '2023-06-29 22:16:16.754')
ON CONFLICT DO NOTHING;
INSERT INTO person
(person_guid, first_name, middle_name_1, middle_name_2, last_name, create_user_id, create_utc_timestamp, update_user_id, update_utc_timestamp)
VALUES('8743b973-1945-4227-9402-eacb167889b9'::uuid, 'Vita', NULL, NULL, 'Yates', 'FLYWAY', '2023-06-29 22:16:16.754', 'FLYWAY', '2023-06-29 22:16:16.754')
ON CONFLICT DO NOTHING;
INSERT INTO person
(person_guid, first_name, middle_name_1, middle_name_2, last_name, create_user_id, create_utc_timestamp, update_user_id, update_utc_timestamp)
VALUES('f017b490-b640-40f4-b563-70e685a7fec2'::uuid, 'Anurupa', NULL, NULL, 'Gupta', 'FLYWAY', '2023-06-29 22:16:16.754', 'FLYWAY', '2023-06-29 22:16:16.754')
ON CONFLICT DO NOTHING;
INSERT INTO person
(person_guid, first_name, middle_name_1, middle_name_2, last_name, create_user_id, create_utc_timestamp, update_user_id, update_utc_timestamp)
VALUES('659f8758-1b64-4d23-b371-d4c4333c2787'::uuid, 'Barrett', NULL, NULL, 'Falk', 'FLYWAY', '2023-06-29 22:16:16.754', 'FLYWAY', '2023-06-29 22:16:16.754')
ON CONFLICT DO NOTHING;
INSERT INTO person
(person_guid, first_name, middle_name_1, middle_name_2, last_name, create_user_id, create_utc_timestamp, update_user_id, update_utc_timestamp)
VALUES('c20cc5d4-237c-4559-8091-89caca659bb8'::uuid, 'Chris', NULL, NULL, 'Nesmith', 'FLYWAY', '2023-06-29 22:16:16.754', 'FLYWAY', '2023-06-29 22:16:16.754')
ON CONFLICT DO NOTHING;
INSERT INTO person
(person_guid, first_name, middle_name_1, middle_name_2, last_name, create_user_id, create_utc_timestamp, update_user_id, update_utc_timestamp)
VALUES('5b9bcbf6-73b4-4b56-8fc3-d979bb3c1ff7'::uuid, 'Mike', NULL, NULL, 'Sears', 'FLYWAY', '2023-06-29 22:16:16.754', 'FLYWAY', '2023-06-29 22:16:16.754')
ON CONFLICT DO NOTHING;
INSERT INTO person
(person_guid, first_name, middle_name_1, middle_name_2, last_name, create_user_id, create_utc_timestamp, update_user_id, update_utc_timestamp)
VALUES('666c0f30-d707-4ade-b67f-9b888fe234e6'::uuid, 'Alec', NULL, NULL, 'Wilcox', 'FLYWAY', '2023-06-29 22:16:16.754', 'FLYWAY', '2023-06-29 22:16:16.754')
ON CONFLICT DO NOTHING;
INSERT INTO person
(person_guid, first_name, middle_name_1, middle_name_2, last_name, create_user_id, create_utc_timestamp, update_user_id, update_utc_timestamp)
VALUES('7de151c1-ae52-41c3-834d-d538bbb50cda'::uuid, 'Tobe', NULL, NULL, 'Sprado', 'FLYWAY', '2023-06-29 22:16:16.754', 'FLYWAY', '2023-06-29 22:16:16.754')
ON CONFLICT DO NOTHING;
INSERT INTO person
(person_guid, first_name, middle_name_1, middle_name_2, last_name, create_user_id, create_utc_timestamp, update_user_id, update_utc_timestamp)
VALUES('16dc87d5-2034-4d9a-bbf4-3ec0f927d3e8'::uuid, 'ENV', NULL, NULL, 'TestAcct', 'nr-compliance-enforcement', '2023-06-29 22:16:16.754', 'nr-compliance-enforcement', '2023-06-29 22:16:16.754')
ON CONFLICT DO NOTHING;
INSERT INTO person
(person_guid, first_name, middle_name_1, middle_name_2, last_name, create_user_id, create_utc_timestamp, update_user_id, update_utc_timestamp)
VALUES('375bac7f-390a-4b32-91da-1ed9da71c1e3'::uuid, 'ENV', NULL, NULL, 'TestAcct 2', 'nr-compliance-enforcement', '2023-06-29 22:16:16.754', 'nr-compliance-enforcement', '2023-06-29 22:16:16.754')
ON CONFLICT DO NOTHING;
INSERT INTO person
(person_guid, first_name, middle_name_1, middle_name_2, last_name, create_user_id, create_utc_timestamp, update_user_id, update_utc_timestamp)
VALUES('7e49b515-48c5-4fc2-9b70-a0ea8653f4aa'::uuid, 'ENV', NULL, NULL, 'TestAcct 3', 'nr-compliance-enforcement', '2023-06-29 22:16:16.754', 'nr-compliance-enforcement', '2023-06-29 22:16:16.754')
ON CONFLICT DO NOTHING;
INSERT INTO person
(person_guid, first_name, middle_name_1, middle_name_2, last_name, create_user_id, create_utc_timestamp, update_user_id, update_utc_timestamp)
VALUES('5a724b5e-aa64-439d-a76d-3aa7320409a0'::uuid, 'Scarlett', NULL, NULL, 'Truong', 'FLYWAY', '2024-01-10 22:16:16.754', 'FLYWAY', '2024-01-10 22:16:16.754')
ON CONFLICT DO NOTHING;
INSERT INTO person
(person_guid, first_name, middle_name_1, middle_name_2, last_name, create_user_id, create_utc_timestamp, update_user_id, update_utc_timestamp)
VALUES('74bb4bdd-5944-4a78-a20c-c5b494decc2a'::uuid, 'Dragos', NULL, NULL, 'Vuia', 'FLYWAY', '2024-01-10 22:16:16.754', 'FLYWAY', '2024-01-10 22:16:16.754')
ON CONFLICT DO NOTHING;
INSERT INTO person
(person_guid, first_name, middle_name_1, middle_name_2, last_name, create_user_id, create_utc_timestamp, update_user_id, update_utc_timestamp)
VALUES('fd3654be-21f2-4fc9-ae6a-39615b732a1a'::uuid, 'Suha', NULL, NULL, 'Fatima', 'FLYWAY', '2024-01-10 22:16:16.754', 'FLYWAY', '2024-01-10 22:16:16.754')
ON CONFLICT DO NOTHING;
INSERT INTO person
(person_guid, first_name, middle_name_1, middle_name_2, last_name, create_user_id, create_utc_timestamp, update_user_id, update_utc_timestamp)
VALUES('f67e52f5-ac3f-48e0-ad64-cab1eae51a18'::uuid, 'Dmitri', NULL, NULL, 'Korin', 'FLYWAY', '2024-01-22 22:16:16.754', 'FLYWAY', '2024-01-22 22:16:16.754')
ON CONFLICT DO NOTHING;
INSERT INTO person
(person_guid, first_name, middle_name_1, middle_name_2, last_name, create_user_id, create_utc_timestamp, update_user_id, update_utc_timestamp)
VALUES('2ef70e0e-90fe-44ea-8c2a-85e3e5358981'::uuid, 'Stephanie', NULL, NULL, 'Rosinski', 'FLYWAY', '2024-01-22 22:16:16.754', 'FLYWAY', '2024-01-22 22:16:16.754')
ON CONFLICT DO NOTHING;
INSERT INTO person
(person_guid, first_name, middle_name_1, middle_name_2, last_name, create_user_id, create_utc_timestamp, update_user_id, update_utc_timestamp)
VALUES('b9d79ff2-8ec4-4f35-bfa6-d19dbdd2d58e'::uuid, 'Adrienne', NULL, NULL, 'Lai', 'FLYWAY', '2024-01-22 22:16:16.754', 'FLYWAY', '2024-01-22 22:16:16.754')
ON CONFLICT DO NOTHING;
INSERT INTO person
(person_guid, first_name, middle_name_1, middle_name_2, last_name, create_user_id, create_utc_timestamp, update_user_id, update_utc_timestamp)
VALUES('b48487c2-055a-4711-bba8-282a28e52e69'::uuid, 'Greg', NULL, NULL, 'Lavery', 'FLYWAY', '2024-01-22 22:16:16.754', 'FLYWAY', '2024-01-22 22:16:16.754')
ON CONFLICT DO NOTHING;
INSERT INTO person
(person_guid, first_name, middle_name_1, middle_name_2, last_name, create_user_id, create_utc_timestamp, update_user_id, update_utc_timestamp)
VALUES('17439e37-ca97-4031-a009-b23ca58c21e1'::uuid, 'Jeremy', NULL, NULL, 'Dunsdon', 'FLYWAY', '2024-01-22 22:16:16.754', 'FLYWAY', '2024-01-22 22:16:16.754')
ON CONFLICT DO NOTHING;
INSERT INTO person
(person_guid, first_name, middle_name_1, middle_name_2, last_name, create_user_id, create_utc_timestamp, update_user_id, update_utc_timestamp)
VALUES('97f3cee5-6f4a-410f-810f-d431595fccee'::uuid, 'Jonathan', NULL, NULL, 'Funk', 'FLYWAY', '2023-06-29 22:16:16.754', 'FLYWAY', '2023-06-29 22:16:16.754')
ON CONFLICT DO NOTHING;
INSERT INTO person
(person_guid, first_name, middle_name_1, middle_name_2, last_name, create_user_id, create_utc_timestamp, update_user_id, update_utc_timestamp)
VALUES('0667495f-61a5-4d3b-b756-1ee58cb38e23'::uuid, 'Ryan', NULL, NULL, 'Rondeau', 'FLYWAY', '2024-01-22 22:16:16.754', 'FLYWAY', '2024-01-22 22:16:16.754')
ON CONFLICT DO NOTHING;
INSERT INTO person
(person_guid, first_name, middle_name_1, middle_name_2, last_name, create_user_id, create_utc_timestamp, update_user_id, update_utc_timestamp)
VALUES('141ebe0c-84c5-487d-8676-caee5de53b36'::uuid, 'Mike', NULL, NULL, 'Vesprini', 'FLYWAY', '2024-01-22 22:16:16.754', 'FLYWAY', '2024-01-22 22:16:16.754')
ON CONFLICT DO NOTHING;
INSERT INTO person
(person_guid, first_name, middle_name_1, middle_name_2, last_name, create_user_id, create_utc_timestamp, update_user_id, update_utc_timestamp)
VALUES('0c002922-d315-4fda-8fc5-3793dac12be8'::uuid, 'Joshua', NULL, NULL, 'Gamache', 'FLYWAY', '2024-01-22 22:16:16.754', 'FLYWAY', '2024-01-22 22:16:16.754')
ON CONFLICT DO NOTHING;

-------------------------
-- INSERT OFFICER RECORDS
-------------------------

INSERT INTO officer
(officer_guid, user_id, create_user_id, create_utc_timestamp, update_user_id, update_utc_timestamp, person_guid, office_guid, auth_user_guid)
VALUES('3eac2028-9e13-4a7f-af07-f0b8264f32c4'::uuid, 'VYATES', 'FLYWAY', '2023-06-29 22:16:16.754', 'FLYWAY', '2023-06-29 22:16:16.754', '8743b973-1945-4227-9402-eacb167889b9'::uuid, '2044f08d-b53c-489a-8584-dd867b63514a'::uuid, NULL)
ON CONFLICT DO NOTHING;
INSERT INTO officer
(officer_guid, user_id, create_user_id, create_utc_timestamp, update_user_id, update_utc_timestamp, person_guid, office_guid, auth_user_guid)
VALUES('e2fa0f29-7ddd-4496-96d2-6e045297a2b5'::uuid, 'AGUPTA', 'FLYWAY', '2023-06-29 22:16:16.754', 'FLYWAY', '2023-06-29 22:16:16.754', 'f017b490-b640-40f4-b563-70e685a7fec2'::uuid, '21855957-521f-4190-b0f9-a7ab7d139978'::uuid, NULL)
ON CONFLICT DO NOTHING;
INSERT INTO officer
(officer_guid, user_id, create_user_id, create_utc_timestamp, update_user_id, update_utc_timestamp, person_guid, office_guid, auth_user_guid)
VALUES('6d3b09a9-867b-40d5-93d2-ea9e4951544f'::uuid, 'CNESMITH', 'FLYWAY', '2023-06-29 22:16:16.754', 'FLYWAY', '2023-06-29 22:16:16.754', 'c20cc5d4-237c-4559-8091-89caca659bb8'::uuid, 'cdd9964e-7878-44c1-b4a2-0290c6345dec'::uuid, NULL)
ON CONFLICT DO NOTHING;
INSERT INTO officer
(officer_guid, user_id, create_user_id, create_utc_timestamp, update_user_id, update_utc_timestamp, person_guid, office_guid, auth_user_guid)
VALUES('65dbad8b-790a-43cb-b394-c8019f4c86e2'::uuid, 'M2SEARS', 'FLYWAY', '2023-06-29 22:16:16.754', 'FLYWAY', '2023-06-29 22:16:16.754', '5b9bcbf6-73b4-4b56-8fc3-d979bb3c1ff7'::uuid, 'db343458-8eca-42c2-91ec-070b3e6de663'::uuid, NULL)
ON CONFLICT DO NOTHING;
INSERT INTO officer
(officer_guid, user_id, create_user_id, create_utc_timestamp, update_user_id, update_utc_timestamp, person_guid, office_guid, auth_user_guid)
VALUES('84ac75b9-c584-4f55-a70c-6fa35c8efde4'::uuid, 'TSPRADO', 'FLYWAY', '2023-06-29 22:16:16.754', 'FLYWAY', '2023-06-29 22:16:16.754', '7de151c1-ae52-41c3-834d-d538bbb50cda'::uuid, 'b494082e-35a3-468f-8955-4aa002066b36'::uuid, NULL)
ON CONFLICT DO NOTHING;
INSERT INTO officer
(officer_guid, user_id, create_user_id, create_utc_timestamp, update_user_id, update_utc_timestamp, person_guid, office_guid, auth_user_guid)
VALUES('54892583-7013-48f5-87c8-90c19f95b395'::uuid, 'BFALK', 'FLYWAY', '2023-06-29 22:16:16.754', 'FLYWAY', '2023-06-29 22:16:16.754', '659f8758-1b64-4d23-b371-d4c4333c2787'::uuid, '313f4ec3-e88a-41c2-9956-78c7b18cb71d'::uuid, '6def8986-1b18-4205-8283-d6fd633b3eee'::uuid)
ON CONFLICT DO NOTHING;
INSERT INTO officer
(officer_guid, user_id, create_user_id, create_utc_timestamp, update_user_id, update_utc_timestamp, person_guid, office_guid, auth_user_guid)
VALUES('b762fbc2-344f-4c53-a8c2-6b0b9f605d4b'::uuid, 'SKOT', 'FLYWAY', '2023-06-29 22:16:16.754', 'FLYWAY', '2023-06-29 22:16:16.754', '5169b4e9-4d93-42bf-b7f4-70f329bfd22c'::uuid, 'b494082e-35a3-468f-8955-4aa002066b36'::uuid, '98b121c7-873a-45bf-b465-749870896eb9'::uuid)
ON CONFLICT DO NOTHING;
INSERT INTO officer
(officer_guid, user_id, create_user_id, create_utc_timestamp, update_user_id, update_utc_timestamp, person_guid, office_guid, auth_user_guid)
VALUES('7fe1cc4e-fc73-412e-9c0e-3f3fec364aac'::uuid, 'HOLSON', 'FLYWAY', '2023-06-29 22:16:16.754', 'FLYWAY', '2023-06-29 22:16:16.754', '7430e049-ac60-441c-a873-ee826a0b0bfc'::uuid, 'aebabfed-cf45-4253-9fbf-f49452190332'::uuid, '92a81ac4-d767-414f-a759-b0be2373a072'::uuid)
ON CONFLICT DO NOTHING;
INSERT INTO officer
(officer_guid, user_id, create_user_id, create_utc_timestamp, update_user_id, update_utc_timestamp, person_guid, office_guid, auth_user_guid)
VALUES('efcbaae4-505b-4db3-b036-7ec8b8dd8c6d'::uuid, 'NBASKERV', 'FLYWAY', '2023-06-29 22:16:16.754', 'FLYWAY', '2023-06-29 22:16:16.754', '6fd73cad-cbc7-49f1-888a-b24dc8abd824'::uuid, 'c8aeb3d9-3718-49d9-b8b5-6c84671546eb'::uuid, 'ef0bc810-58a7-4080-ad7a-b5bbdd0d2efe'::uuid)
ON CONFLICT DO NOTHING;
INSERT INTO officer
(officer_guid, user_id, create_user_id, create_utc_timestamp, update_user_id, update_utc_timestamp, person_guid, office_guid, auth_user_guid)
VALUES('9d171865-aab6-43d1-bbf2-93b4d4c5ba02'::uuid, 'AWILCOX', 'FLYWAY', '2023-06-29 22:16:16.754', 'FLYWAY', '2023-06-29 22:16:16.754', '666c0f30-d707-4ade-b67f-9b888fe234e6'::uuid, '9fc7327b-b206-4a5c-88f1-2875a456eb49'::uuid, '287d4e72-8409-4dd1-991a-8b1117b8eb2a'::uuid)
ON CONFLICT DO NOTHING;
INSERT INTO officer
(officer_guid, user_id, agency_code, create_user_id, create_utc_timestamp, update_user_id, update_utc_timestamp, person_guid, office_guid, auth_user_guid)
VALUES('fc91b041-7f1b-46e9-8c07-0813bb656a7f'::uuid, 'ENCETST1', 'COS', 'nr-compliance-enforcement', '2023-06-29 22:16:16.754', 'nr-compliance-enforcement', '2023-06-29 22:20:48.186', '16dc87d5-2034-4d9a-bbf4-3ec0f927d3e8'::uuid, '79fe321b-7716-413f-b878-c5fd6100317d'::uuid, '0cf857a2-28a3-4867-af0f-d59449243057'::uuid)
ON CONFLICT DO NOTHING;
INSERT INTO officer
(officer_guid, user_id, agency_code, create_user_id, create_utc_timestamp, update_user_id, update_utc_timestamp, person_guid, auth_user_guid)
VALUES('ac64c6e6-8233-4cee-807b-5bb2b4ddb15b'::uuid, 'ENCETST2', 'EPO', 'nr-compliance-enforcement', '2023-06-29 22:16:16.754', 'nr-compliance-enforcement', '2023-06-29 22:20:48.186', '375bac7f-390a-4b32-91da-1ed9da71c1e3'::uuid, '6d1bb908-0f03-4873-af49-916713583c7e'::uuid)
ON CONFLICT DO NOTHING;
INSERT INTO officer
(officer_guid, user_id, agency_code, create_user_id, create_utc_timestamp, update_user_id, update_utc_timestamp, person_guid, auth_user_guid)
VALUES('1c28a7a0-fd7e-4d39-9e8f-50f34e1b3e59'::uuid, 'ENCETST3', 'PARKS', 'nr-compliance-enforcement', '2023-06-29 22:16:16.754', 'nr-compliance-enforcement', '2023-06-29 22:20:48.186', '7e49b515-48c5-4fc2-9b70-a0ea8653f4aa'::uuid, '45b33bda-6d2c-4947-9ba2-1f611655047a'::uuid)
ON CONFLICT DO NOTHING;
INSERT INTO officer
(officer_guid, user_id, create_user_id, create_utc_timestamp, update_user_id, update_utc_timestamp, person_guid, office_guid)
VALUES('a534a1e0-bebc-499d-ba4b-eb5ed0726f26'::uuid, 'STRUONG', 'FLYWAY', '2024-01-10 22:16:16.754', 'FLYWAY', '2024-01-10 22:20:48.186', '5a724b5e-aa64-439d-a76d-3aa7320409a0'::uuid, '3f474308-68da-450a-b1ab-fb8a5b7a27ce'::uuid)
ON CONFLICT DO NOTHING;
INSERT INTO officer
(officer_guid, user_id, create_user_id, create_utc_timestamp, update_user_id, update_utc_timestamp, person_guid, office_guid)
VALUES('3fc8a9db-e085-4461-bce2-b05462b79794'::uuid, 'DVUIA', 'FLYWAY', '2024-01-10 22:16:16.754', 'FLYWAY', '2024-01-10 22:20:48.186', '74bb4bdd-5944-4a78-a20c-c5b494decc2a'::uuid, '3f474308-68da-450a-b1ab-fb8a5b7a27ce'::uuid)
ON CONFLICT DO NOTHING;
INSERT INTO officer
(officer_guid, user_id, create_user_id, create_utc_timestamp, update_user_id, update_utc_timestamp, person_guid, auth_user_guid)
VALUES('60e7403e-9933-4eff-89ae-508c0c827130'::uuid, 'SFATIMA', 'FLYWAY', '2024-01-10 22:16:16.754', 'FLYWAY', '2024-01-10 22:20:48.186', 'fd3654be-21f2-4fc9-ae6a-39615b732a1a'::uuid, 'cafc87f3-738c-49bd-9bfb-33d7f01d50b9'::uuid)
ON CONFLICT DO NOTHING;
INSERT INTO officer
(officer_guid, user_id, create_user_id, create_utc_timestamp, update_user_id, update_utc_timestamp, person_guid, office_guid)
VALUES('56582c3c-6819-43c8-8d89-8e43823500c3'::uuid, 'DKORIN', 'FLYWAY', '2024-01-22 22:16:16.754', 'FLYWAY', '2024-01-22 22:20:48.186', 'f67e52f5-ac3f-48e0-ad64-cab1eae51a18'::uuid, '79fe321b-7716-413f-b878-c5fd6100317d'::uuid)
ON CONFLICT DO NOTHING;
INSERT INTO officer
(officer_guid, user_id, create_user_id, create_utc_timestamp, update_user_id, update_utc_timestamp, person_guid, office_guid)
VALUES('a0b7c3ea-a021-4bf5-904f-54bd6b4d4c76'::uuid, 'SROSINSK', 'FLYWAY', '2024-01-22 22:16:16.754', 'FLYWAY', '2024-01-22 22:20:48.186', '2ef70e0e-90fe-44ea-8c2a-85e3e5358981'::uuid, '3f474308-68da-450a-b1ab-fb8a5b7a27ce'::uuid)
ON CONFLICT DO NOTHING;
INSERT INTO officer
(officer_guid, user_id, create_user_id, create_utc_timestamp, update_user_id, update_utc_timestamp, person_guid, office_guid)
VALUES('d148bfc7-b41a-474c-a04e-7218a840daea'::uuid, 'ADLAI', 'FLYWAY', '2024-01-22 22:16:16.754', 'FLYWAY', '2024-01-22 22:20:48.186', 'b9d79ff2-8ec4-4f35-bfa6-d19dbdd2d58e'::uuid, '79fe321b-7716-413f-b878-c5fd6100317d'::uuid)
ON CONFLICT DO NOTHING;
INSERT INTO officer
(officer_guid, user_id, create_user_id, create_utc_timestamp, update_user_id, update_utc_timestamp, person_guid, office_guid)
VALUES('880e237a-a422-4443-a58d-22e5380be86a'::uuid, 'GRLAVERY', 'FLYWAY', '2024-01-22 22:16:16.754', 'FLYWAY', '2024-01-22 22:20:48.186', 'b48487c2-055a-4711-bba8-282a28e52e69'::uuid, 'c3d8519c-73cb-48a1-8058-358883d5ef4f'::uuid)
ON CONFLICT DO NOTHING;
INSERT INTO officer
(officer_guid, user_id, create_user_id, create_utc_timestamp, update_user_id, update_utc_timestamp, person_guid, office_guid)
VALUES('623fbd02-dff5-4d45-9ab3-f0acbe8d83ed'::uuid, 'JXDUNSDO', 'FLYWAY', '2024-01-22 22:16:16.754', 'FLYWAY', '2024-01-22 22:20:48.186', '17439e37-ca97-4031-a009-b23ca58c21e1'::uuid, '5128179c-f622-499b-b8e5-b39199081f22'::uuid)
ON CONFLICT DO NOTHING;
INSERT INTO officer
(officer_guid, user_id, create_user_id, create_utc_timestamp, update_user_id, update_utc_timestamp, person_guid, office_guid, auth_user_guid)
VALUES('b17ee2c1-a26b-4911-ac6f-810b8fdfaab3'::uuid, 'JFUNK', 'FLYWAY', '2024-01-22 22:16:16.754', 'FLYWAY', '2024-01-22 22:20:48.186', '97f3cee5-6f4a-410f-810f-d431595fccee'::uuid, '4a5a94b1-bd47-4611-a577-861d97089903'::uuid, 'f896cbb2d5254e54a4ad581dc80681d1'::uuid)
ON CONFLICT DO NOTHING;
-- Fix keycloak name
UPDATE officer SET user_id = 'JONFUNK' WHERE (officer_guid = 'b17ee2c1-a26b-4911-ac6f-810b8fdfaab3' AND user_id = 'JFUNK');
INSERT INTO officer
(officer_guid, user_id, create_user_id, create_utc_timestamp, update_user_id, update_utc_timestamp, person_guid, office_guid, auth_user_guid)
VALUES('06ff894b-3895-4d32-8a4a-1fcc0be23e47'::uuid, 'RRONDEAU', 'FLYWAY', '2024-01-22 22:16:16.754', 'FLYWAY', '2024-01-22 22:20:48.186', '0667495f-61a5-4d3b-b756-1ee58cb38e23'::uuid, '4a5a94b1-bd47-4611-a577-861d97089903'::uuid, '77c6040d69b74757903f1cba37404db4'::uuid)
ON CONFLICT DO NOTHING;
INSERT INTO officer
(officer_guid, user_id, create_user_id, create_utc_timestamp, update_user_id, update_utc_timestamp, person_guid, office_guid, auth_user_guid)
VALUES('44123934-a2cf-4eae-88af-f682f7548f89'::uuid, 'MVESPRIN', 'FLYWAY', '2024-01-22 22:16:16.754', 'FLYWAY', '2024-01-22 22:20:48.186', '141ebe0c-84c5-487d-8676-caee5de53b36'::uuid, '4a5a94b1-bd47-4611-a577-861d97089903'::uuid, '01a5ad69-0675-4359-a0a7-909f55e2c67a'::uuid)
ON CONFLICT DO NOTHING;
INSERT INTO officer
(officer_guid, user_id, create_user_id, create_utc_timestamp, update_user_id, update_utc_timestamp, person_guid, office_guid, auth_user_guid)
VALUES('236fb546-fae1-47fd-b4c7-d108c0030ee2'::uuid, 'JGAMACHE', 'FLYWAY', '2024-01-22 22:16:16.754', 'FLYWAY', '2024-01-22 22:20:48.186', '0c002922-d315-4fda-8fc5-3793dac12be8'::uuid, '4a5a94b1-bd47-4611-a577-861d97089903'::uuid, '13D3F179-F4CE-4464-A981-141061FD4E58'::uuid)
ON CONFLICT DO NOTHING;


--------------------------------
---  Scatter our team throughout the province for testing
---  Note that this script runs after the seed data script (which runs in prod) and moves us out of COSH
---  back to the original office
--------------------------------


UPDATE officer SET office_guid = '79fe321b-7716-413f-b878-c5fd6100317d' WHERE user_id='ENCETST1';
UPDATE officer SET office_guid = '79fe321b-7716-413f-b878-c5fd6100317d' WHERE user_id='ADLAI';
UPDATE officer SET office_guid = '79fe321b-7716-413f-b878-c5fd6100317d' WHERE user_id='DKORIN';
UPDATE officer SET office_guid = '3f474308-68da-450a-b1ab-fb8a5b7a27ce' WHERE user_id='STRUONG';
UPDATE officer SET office_guid = '9fc7327b-b206-4a5c-88f1-2875a456eb49' WHERE user_id='AWILCOX';
UPDATE officer SET office_guid = 'c8aeb3d9-3718-49d9-b8b5-6c84671546eb' WHERE user_id='NBASKERV';
UPDATE officer SET office_guid = 'b494082e-35a3-468f-8955-4aa002066b36' WHERE user_id='SKOT';
UPDATE officer SET office_guid = '313f4ec3-e88a-41c2-9956-78c7b18cb71d' WHERE user_id='BFALK';
UPDATE officer SET office_guid = 'db343458-8eca-42c2-91ec-070b3e6de663' WHERE user_id='TSPRADO';
UPDATE officer SET office_guid = 'db343458-8eca-42c2-91ec-070b3e6de663' WHERE user_id='M2SEARS';
UPDATE officer SET office_guid = '79fe321b-7716-413f-b878-c5fd6100317d' WHERE user_id='GRLAVERY';
UPDATE officer SET office_guid = '9fc7327b-b206-4a5c-88f1-2875a456eb49' WHERE user_id='JFUNK';
UPDATE officer SET office_guid = '4a5a94b1-bd47-4611-a577-861d97089903' WHERE user_id='RRONDEAU';
UPDATE officer SET office_guid = '4a5a94b1-bd47-4611-a577-861d97089903' WHERE user_id='MVESPRIN';
UPDATE officer SET office_guid = '4a5a94b1-bd47-4611-a577-861d97089903' WHERE user_id='JGAMACHE';

-------------------------
-- INSERT COMPLAINT RECORDS
-------------------------

INSERT INTO complaint
(complaint_identifier, detail_text, caller_name, caller_address, caller_email, caller_phone_1, caller_phone_2, caller_phone_3, location_summary_text, location_detailed_text, incident_utc_datetime, incident_reported_utc_timestmp, reported_by_other_text, create_user_id, create_utc_timestamp, update_user_id, update_utc_timestamp, reported_by_code, owned_by_agency_code, complaint_status_code, geo_organization_unit_code, location_geometry_point)
VALUES('23-000078', 'RCMP relaying a report of a deer stuck in the COM’s tree. Deer’s hoof is caught in the V, deer is dangling upside down – believe shoulder is dislocated. LVM Sgt Melenka Briefed CO Krenz', 'Dorothy Ann', '435 Fake St', 'test@gmail.com', NULL, NULL, NULL, NULL, 'detailed text 4', '2022-12-23 08:57:00.000', '2023-01-10 09:12:00.000', NULL, 'FLYWAY', '2023-06-29 22:16:16.754', 'FLYWAY', '2023-06-29 22:16:16.754', 'BCWF', 'COS', 'OPEN', 'KELLYCRK', 'SRID=4326;POINT (0 0)'::geometry)
ON CONFLICT DO NOTHING;
INSERT INTO complaint
(complaint_identifier, detail_text, caller_name, caller_address, caller_email, caller_phone_1, caller_phone_2, caller_phone_3, location_summary_text, location_detailed_text, incident_utc_datetime, incident_reported_utc_timestmp, reported_by_other_text, create_user_id, create_utc_timestamp, update_user_id, update_utc_timestamp, reported_by_code, owned_by_agency_code, complaint_status_code, geo_organization_unit_code, location_geometry_point)
VALUES('23-000080', 'Calling to report a black bear that comes through the area at night. It has been getting into garbages that have been left unsecured. Hoping a CO can come round to advise neighbour''s that they need to get their garbages locked up.', 'Annonymous', '433 Fake St', NULL, NULL, NULL, NULL, '373 Front Street', 'detailed text 2', '2022-12-27 09:03:00.000', '2023-01-08 09:12:00.000', NULL, 'FLYWAY', '2023-06-29 22:16:16.754', 'FLYWAY', '2023-06-29 22:16:16.754', NULL, 'COS', 'OPEN', 'KASLOBC', 'SRID=4326;POINT (0 0)'::geometry)
ON CONFLICT DO NOTHING;
INSERT INTO complaint
(complaint_identifier, detail_text, caller_name, caller_address, caller_email, caller_phone_1, caller_phone_2, caller_phone_3, location_summary_text, location_detailed_text, incident_utc_datetime, incident_reported_utc_timestmp, reported_by_other_text, create_user_id, create_utc_timestamp, update_user_id, update_utc_timestamp, reported_by_code, owned_by_agency_code, complaint_status_code, geo_organization_unit_code, location_geometry_point)
VALUES('23-000081', 'Calling to report a young deer, looked to be struggling to stand and walk but still mobile. Possibly hit by a car.', NULL, '432 Fake St', NULL, NULL, NULL, NULL, 'Kanaka Station Rd', 'detailed text 1', '2022-12-29 09:06:00.000', '2023-01-07 09:12:00.000', NULL, 'FLYWAY', '2023-06-29 22:16:16.754', 'FLYWAY', '2023-06-29 22:16:16.754', NULL, 'COS', 'OPEN', 'KANAKABR', 'SRID=4326;POINT (0 0)'::geometry)
ON CONFLICT DO NOTHING;
INSERT INTO complaint
(complaint_identifier, detail_text, caller_name, caller_address, caller_email, caller_phone_1, caller_phone_2, caller_phone_3, location_summary_text, location_detailed_text, incident_utc_datetime, incident_reported_utc_timestmp, reported_by_other_text, create_user_id, create_utc_timestamp, update_user_id, update_utc_timestamp, reported_by_code, owned_by_agency_code, complaint_status_code, geo_organization_unit_code, location_geometry_point)
VALUES('23-000082', 'COM reporting she saw a bobcat when checking on her property 2 days ago.', 'Joanne Jackson', '1234 Merritt Avenue', NULL, '250-315-1234', NULL, NULL, 'unit 8 1226 McMillan Rd, Merritt, BC', NULL, '2022-12-31 09:09:00.000', '2023-01-06 09:12:00.000', NULL, 'FLYWAY', '2023-06-29 22:16:16.754', 'FLYWAY', '2023-06-29 22:16:16.754', NULL, 'COS', 'OPEN', 'MERRITT', 'SRID=4326;POINT (-120.7893375 50.1035589)'::geometry)
ON CONFLICT DO NOTHING;
INSERT INTO complaint
(complaint_identifier, detail_text, caller_name, caller_address, caller_email, caller_phone_1, caller_phone_2, caller_phone_3, location_summary_text, location_detailed_text, incident_utc_datetime, incident_reported_utc_timestmp, reported_by_other_text, create_user_id, create_utc_timestamp, update_user_id, update_utc_timestamp, reported_by_code, owned_by_agency_code, complaint_status_code, geo_organization_unit_code, location_geometry_point)
VALUES('23-000083', 'There is a deer with a large chunk of meat missing from its side with hide hanging. A number of golfing members have reported it. The deer has been around for 2-3 days. The deer is moving slowly around the golf course.', 'Daren Douglas', '1234  Oak Bay Avenue', 'daren@shaw.ca', '403-559-1234', NULL, NULL, '1990 Oak Bay Avenue', NULL, '2023-01-02 09:12:00.000', '2023-01-05 09:12:00.000', 'Victoria Golf Club', 'FLYWAY', '2023-06-29 22:16:16.754', 'FLYWAY', '2023-06-29 22:16:16.754', 'OTHER', 'COS', 'OPEN', 'OAKBAY', 'SRID=4326;POINT (0 0)'::geometry)
ON CONFLICT DO NOTHING;
INSERT INTO complaint
(complaint_identifier, detail_text, caller_name, caller_address, caller_email, caller_phone_1, caller_phone_2, caller_phone_3, location_summary_text, location_detailed_text, incident_utc_datetime, incident_reported_utc_timestmp, reported_by_other_text, create_user_id, create_utc_timestamp, update_user_id, update_utc_timestamp, reported_by_code, owned_by_agency_code, complaint_status_code, geo_organization_unit_code, location_geometry_point)
VALUES('23-000076', 'Calling to report a black bear getting into the garbage on a regular basis. Also wanted to confirm that residents of the trailer home park could call to report sightings themselves', 'Phoebe', '437 Fake St', 'tester@gmail.com', '250-556-1234', NULL, NULL, '644 Pine Street', NULL, '2022-12-19 08:51:00.000', '2023-01-12 09:12:00.000', NULL, 'FLYWAY', '2023-06-29 22:16:16.754', 'FLYWAY', '2023-06-29 22:16:16.754', 'COS', 'COS', 'OPEN', 'KAMLOOPS', 'SRID=4326;POINT (0 0)'::geometry)
ON CONFLICT DO NOTHING;
INSERT INTO complaint
(complaint_identifier, detail_text, caller_name, caller_address, caller_email, caller_phone_1, caller_phone_2, caller_phone_3, location_summary_text, location_detailed_text, incident_utc_datetime, incident_reported_utc_timestmp, reported_by_other_text, create_user_id, create_utc_timestamp, update_user_id, update_utc_timestamp, reported_by_code, owned_by_agency_code, complaint_status_code, geo_organization_unit_code, location_geometry_point)
VALUES('AC-17789', 'test2', 'Chris', '1264 Disco Rd.', 'test@test.ca', '(250)-555-3425', '(250)-555-3425', '(250)-555-3425', NULL, 'detail_text', '2023-02-22 00:00:00.000', '2023-02-22 00:00:00.000', 'other text', 'chris', '2023-06-29 22:16:16.754', 'chris', '2023-06-29 22:16:16.754', NULL, 'COS', 'OPEN', 'KAMLOOPS', 'SRID=4326;POINT (-127.4810142 50.4217838)'::geometry)
ON CONFLICT DO NOTHING;
INSERT INTO complaint
(complaint_identifier, detail_text, caller_name, caller_address, caller_email, caller_phone_1, caller_phone_2, caller_phone_3, location_summary_text, location_detailed_text, incident_utc_datetime, incident_reported_utc_timestmp, reported_by_other_text, create_user_id, create_utc_timestamp, update_user_id, update_utc_timestamp, reported_by_code, owned_by_agency_code, complaint_status_code, geo_organization_unit_code, location_geometry_point)
VALUES('23-000079', 'COM was walking their dog near Douglas park – observed a cougar near Heather st. Cougar fled COM, deeper into bushes  LVM CO Ford Briefed Sgt Gravel', 'Wanda', '434 Fake St', NULL, '250-554-1234', '250-554-1235', '250-554-1236', 'Keats Campground', 'detailed text 3', '2022-12-25 09:00:00.000', '2023-01-09 09:12:00.000', NULL, 'FLYWAY', '2023-06-29 22:16:16.754', 'FLYWAY', '2023-06-29 22:16:16.754', NULL, 'COS', 'OPEN', 'KEATSISL', 'SRID=4326;POINT (0 0)'::geometry)
ON CONFLICT DO NOTHING;
INSERT INTO complaint
(complaint_identifier, detail_text, caller_name, caller_address, caller_email, caller_phone_1, caller_phone_2, caller_phone_3, location_summary_text, location_detailed_text, incident_utc_datetime, incident_reported_utc_timestmp, reported_by_other_text, create_user_id, create_utc_timestamp, update_user_id, update_utc_timestamp, reported_by_code, owned_by_agency_code, complaint_status_code, geo_organization_unit_code, location_geometry_point)
VALUES('23-000075', 'Caller reporting a young deer that has an injured back leg. Caller said it has a bent back leg and it using some weight on it.', 'Arnold', '438 Fake St', NULL, NULL, NULL, NULL, '3087 Hammond Bay Road', NULL, '2022-12-17 08:48:00.000', '2023-01-13 09:12:00.000', NULL, 'FLYWAY', '2023-06-29 22:16:16.754', 'FLYWAY', '2023-06-29 22:16:16.754', 'DFO', 'COS', 'OPEN', 'NANAIMO', 'SRID=4326;POINT (0 0)'::geometry)
ON CONFLICT DO NOTHING;
INSERT INTO complaint
(complaint_identifier, detail_text, caller_name, caller_address, caller_email, caller_phone_1, caller_phone_2, caller_phone_3, location_summary_text, location_detailed_text, incident_utc_datetime, incident_reported_utc_timestmp, reported_by_other_text, create_user_id, create_utc_timestamp, update_user_id, update_utc_timestamp, reported_by_code, owned_by_agency_code, complaint_status_code, geo_organization_unit_code, location_geometry_point)
VALUES('23-006875', 'On Mar 28, 2023 at 1645 hrs I observed Lean Bean Miller''s truck (see photo) hauling a load of poultry slaughter waste along Doran Rd heading north to Hillbank Rd. I have followed this truck in past from the Island Farmhouse Poultry facility to 4035 Hillbank Road and can attest that this is the route this truck takes to dump its loads of slaughter waste. Last month both Island Farmhouse Poultry Ltd. and GT Farms were told by the Ministry to ''Immediately cease disposing of any processing waste that comes from poultry not reared, kept or slaughtered at Miller properties.'' The most recent Ministry Inspection reports, UA202814 and AG144737, both stated that this unauthorized waste disposal must be ceased immediately. Its time for the Ministry to involve the Conservation Officer Service and to start taking regulations enforcement seriously. ', 'Dalton Campbell', '1234 Doran Road, Cobble Hill, BC V0R 1L5 ', 'dalton.campbell@shaw.ca', '250-743-1331', NULL, NULL, '3550 Watson Ave', 'In a Van down by the River', '2023-03-29 07:24:00.000', '2023-03-29 07:24:00.000', 'Caller', 'FLYWAY', '2023-06-29 22:16:16.754', 'FLYWAY', '2023-06-29 22:16:16.754', 'OTHER', 'COS', 'OPEN', 'COBBLHIL', 'SRID=4326;POINT (-127.4810142 50.4217838)'::geometry)
ON CONFLICT DO NOTHING;
INSERT INTO complaint
(complaint_identifier, detail_text, caller_name, caller_address, caller_email, caller_phone_1, caller_phone_2, caller_phone_3, location_summary_text, location_detailed_text, incident_utc_datetime, incident_reported_utc_timestmp, reported_by_other_text, create_user_id, create_utc_timestamp, update_user_id, update_utc_timestamp, reported_by_code, owned_by_agency_code, complaint_status_code, geo_organization_unit_code, location_geometry_point)
VALUES('23-006876', 'Caller reporting burning issue beside his property. Neighbor''s burning off pruned branches which has gassed out the neighborhood due to the smoldering smoke. Caller advises cherry orchard has been burning a pruned branches for seven days now has never fully been extinguished. Caller advised fire was started on Tuesday March 21 and burnt down to smoldering fire, however then was restoked following day and has repeated this up until yesterday March 27. Caller believes yesterday March 27 was the last of the pruning''s being burnt. Caller advised they stoke the fire and leave it unattended.  Caller advised was cleaning up ash off his back patio and off BBQ. Caller reported the fire is still smoldering and is worried they are burning to long.  ***Caller would like CO call back with update*** ', 'Annonymous', NULL, NULL, '555-555-5555', NULL, NULL, '6618 Drake Street', 'tester call description1', '2023-03-30 07:24:00.000', '2023-03-22 07:24:00.000', NULL, 'FLYWAY', '2023-06-29 22:16:16.754', 'FLYWAY', '2023-06-29 22:16:16.754', NULL, 'COS', 'OPEN', 'CRANBRRY', 'SRID=4326;POINT (0 0)'::geometry)
ON CONFLICT DO NOTHING;
INSERT INTO complaint
(complaint_identifier, detail_text, caller_name, caller_address, caller_email, caller_phone_1, caller_phone_2, caller_phone_3, location_summary_text, location_detailed_text, incident_utc_datetime, incident_reported_utc_timestmp, reported_by_other_text, create_user_id, create_utc_timestamp, update_user_id, update_utc_timestamp, reported_by_code, owned_by_agency_code, complaint_status_code, geo_organization_unit_code, location_geometry_point)
VALUES('23-006877', 'Caller advises that the owner of a rental house has chickens that are attracting wildlife (Hawks, Horned Owls). They report that the owner has put out rat poison for rats that have been attracted and that there have been Horned Owls die in the area. The Caller also reports that last week a Hawk swooped down and picked up a chicken and that their daughter and a tenant at the house scared it away when it attempted a second time.', NULL, NULL, NULL, NULL, NULL, NULL, '1800 2A St South', NULL, '2023-03-31 07:24:00.000', '2023-03-12 07:24:00.000', NULL, 'FLYWAY', '2023-06-29 22:16:16.754', 'FLYWAY', '2023-06-29 22:16:16.754', NULL, 'COS', 'OPEN', 'CRANBRK', 'SRID=4326;POINT (0 0)'::geometry)
ON CONFLICT DO NOTHING;
INSERT INTO complaint
(complaint_identifier, detail_text, caller_name, caller_address, caller_email, caller_phone_1, caller_phone_2, caller_phone_3, location_summary_text, location_detailed_text, incident_utc_datetime, incident_reported_utc_timestmp, reported_by_other_text, create_user_id, create_utc_timestamp, update_user_id, update_utc_timestamp, reported_by_code, owned_by_agency_code, complaint_status_code, geo_organization_unit_code, location_geometry_point)
VALUES('23-000068', 'Caller reported seeing glowing green eyes from the creek. Caller heard growling when came something came up on his deck.  The neighbor''s put garbage on his deck while he was in the hospital. There were two glowing green eyes.', 'Mikey', '445 Fake St', NULL, NULL, NULL, NULL, 'Peters Rd', NULL, '2022-12-03 08:27:00.000', '2023-01-20 09:12:00.000', NULL, 'FLYWAY', '2023-06-29 22:16:16.754', 'FLYWAY', '2023-06-29 22:16:16.754', NULL, 'COS', 'OPEN', 'ROSENLK', 'SRID=4326;POINT (0 0)'::geometry)
ON CONFLICT DO NOTHING;
INSERT INTO complaint
(complaint_identifier, detail_text, caller_name, caller_address, caller_email, caller_phone_1, caller_phone_2, caller_phone_3, location_summary_text, location_detailed_text, incident_utc_datetime, incident_reported_utc_timestmp, reported_by_other_text, create_user_id, create_utc_timestamp, update_user_id, update_utc_timestamp, reported_by_code, owned_by_agency_code, complaint_status_code, geo_organization_unit_code, location_geometry_point)
VALUES('23-000072', 'Caller reporting an injured deer. Caller said it is laying down and then it got up and has a broken leg. Caller looked outside again and it had move about 10 feet. caller thinks it was hit by a car recently.', 'Ralphie', '441 Fake St', NULL, NULL, NULL, NULL, '651 Nicola Street', NULL, '2022-12-11 08:39:00.000', '2023-01-16 09:12:00.000', NULL, 'FLYWAY', '2023-06-29 22:16:16.754', 'FLYWAY', '2023-06-29 22:16:16.754', 'LE', 'COS', 'OPEN', 'KAMLOOPS', 'SRID=4326;POINT (0 0)'::geometry)
ON CONFLICT DO NOTHING;
INSERT INTO complaint
(complaint_identifier, detail_text, caller_name, caller_address, caller_email, caller_phone_1, caller_phone_2, caller_phone_3, location_summary_text, location_detailed_text, incident_utc_datetime, incident_reported_utc_timestmp, reported_by_other_text, create_user_id, create_utc_timestamp, update_user_id, update_utc_timestamp, reported_by_code, owned_by_agency_code, complaint_status_code, geo_organization_unit_code, location_geometry_point)
VALUES('23-000073', 'Caller reported a cougar that has been coming for their garbage for the past month.', 'Tim', '440 Fake St', NULL, '250-555-1234', NULL, NULL, '765 Ritchie Ave', NULL, '2022-12-13 08:42:00.000', '2023-01-15 09:12:00.000', NULL, 'FLYWAY', '2023-06-29 22:16:16.754', 'FLYWAY', '2023-06-29 22:16:16.754', 'CEB', 'COS', 'OPEN', 'NARAMA', 'SRID=4326;POINT (0 0)'::geometry)
ON CONFLICT DO NOTHING;
INSERT INTO complaint
(complaint_identifier, detail_text, caller_name, caller_address, caller_email, caller_phone_1, caller_phone_2, caller_phone_3, location_summary_text, location_detailed_text, incident_utc_datetime, incident_reported_utc_timestmp, reported_by_other_text, create_user_id, create_utc_timestamp, update_user_id, update_utc_timestamp, reported_by_code, owned_by_agency_code, complaint_status_code, geo_organization_unit_code, location_geometry_point)
VALUES('23-000074', 'A Moose is stuck in the river outfall pond – exhausted and stuck in the pond muck. No colour codes, COs called in order: Briefed CO Adams', 'Carlos', '439 Fake St', NULL, NULL, NULL, NULL, '2424 Arlington Road', NULL, '2022-12-15 08:45:00.000', '2023-01-14 09:12:00.000', NULL, 'FLYWAY', '2023-06-29 22:16:16.754', 'FLYWAY', '2023-06-29 22:16:16.754', 'EPO', 'COS', 'OPEN', 'NANOBAY', 'SRID=4326;POINT (0 0)'::geometry)
ON CONFLICT DO NOTHING;
INSERT INTO complaint
(complaint_identifier, detail_text, caller_name, caller_address, caller_email, caller_phone_1, caller_phone_2, caller_phone_3, location_summary_text, location_detailed_text, incident_utc_datetime, incident_reported_utc_timestmp, reported_by_other_text, create_user_id, create_utc_timestamp, update_user_id, update_utc_timestamp, reported_by_code, owned_by_agency_code, complaint_status_code, geo_organization_unit_code, location_geometry_point)
VALUES('23-006890', 'Caller advised dealing with on going coyote problem from last year. Caller believes someone is feeding the coyotes again.  *** Caller is requesting a CO callback ***', 'Brady', '137 fake st', NULL, '555-555-5567', NULL, NULL, 'Turnoff to Underwood Rd', 'tester call description 10', '2023-04-13 07:24:00.000', '2023-04-12 07:24:00.000', NULL, 'FLYWAY', '2023-06-29 22:16:16.754', 'FLYWAY', '2023-06-29 22:16:16.754', 'DFO', 'COS', 'OPEN', 'DARFIELD', 'SRID=4326;POINT (0 0)'::geometry)
ON CONFLICT DO NOTHING;
INSERT INTO complaint
(complaint_identifier, detail_text, caller_name, caller_address, caller_email, caller_phone_1, caller_phone_2, caller_phone_3, location_summary_text, location_detailed_text, incident_utc_datetime, incident_reported_utc_timestmp, reported_by_other_text, create_user_id, create_utc_timestamp, update_user_id, update_utc_timestamp, reported_by_code, owned_by_agency_code, complaint_status_code, geo_organization_unit_code, location_geometry_point)
VALUES('23-006891', 'Caller’s neighbour has constructed a diversion in the creek (fishbearing), which has become clogged with debris.  Neighbour is unresponsive to conversation', 'Kevin', '138 fake st', NULL, '555-555-5568', NULL, NULL, '4660 Westly Rd', 'tester call description 11', '2023-04-14 07:24:00.000', '2023-04-13 07:24:00.000', NULL, 'FLYWAY', '2023-06-29 22:16:16.754', 'FLYWAY', '2023-06-29 22:16:16.754', 'EPO', 'COS', 'OPEN', 'DAVISBAY', 'SRID=4326;POINT (0 0)'::geometry)
ON CONFLICT DO NOTHING;
INSERT INTO complaint
(complaint_identifier, detail_text, caller_name, caller_address, caller_email, caller_phone_1, caller_phone_2, caller_phone_3, location_summary_text, location_detailed_text, incident_utc_datetime, incident_reported_utc_timestmp, reported_by_other_text, create_user_id, create_utc_timestamp, update_user_id, update_utc_timestamp, reported_by_code, owned_by_agency_code, complaint_status_code, geo_organization_unit_code, location_geometry_point)
VALUES('23-000067', 'Caller was driving a snow plow and his a moose. Moose was knocked into the ditch and was still breathing.', NULL, '446 Fake St', NULL, NULL, NULL, NULL, '2099 Washington St', NULL, '2022-12-01 08:24:00.000', '2023-01-21 09:12:00.000', NULL, 'FLYWAY', '2023-06-29 22:16:16.754', 'FLYWAY', '2023-06-29 22:16:16.754', NULL, 'COS', 'OPEN', 'ROSSLND', 'SRID=4326;POINT (0 0)'::geometry)
ON CONFLICT DO NOTHING;
INSERT INTO complaint
(complaint_identifier, detail_text, caller_name, caller_address, caller_email, caller_phone_1, caller_phone_2, caller_phone_3, location_summary_text, location_detailed_text, incident_utc_datetime, incident_reported_utc_timestmp, reported_by_other_text, create_user_id, create_utc_timestamp, update_user_id, update_utc_timestamp, reported_by_code, owned_by_agency_code, complaint_status_code, geo_organization_unit_code, location_geometry_point)
VALUES('23-000069', 'Advises that they received an email from a citizen last night about a deer with a broken leg laying down beside the train tracks.', 'Janet', '444 Fake St', NULL, NULL, NULL, NULL, '601 Nicola Street', NULL, '2022-12-05 08:30:00.000', '2023-01-19 09:12:00.000', 'test text', 'FLYWAY', '2023-06-29 22:16:16.754', 'FLYWAY', '2023-06-29 22:16:16.754', NULL, 'COS', 'OPEN', 'KAMLOOPS', 'SRID=4326;POINT (0 0)'::geometry)
ON CONFLICT DO NOTHING;
INSERT INTO complaint
(complaint_identifier, detail_text, caller_name, caller_address, caller_email, caller_phone_1, caller_phone_2, caller_phone_3, location_summary_text, location_detailed_text, incident_utc_datetime, incident_reported_utc_timestmp, reported_by_other_text, create_user_id, create_utc_timestamp, update_user_id, update_utc_timestamp, reported_by_code, owned_by_agency_code, complaint_status_code, geo_organization_unit_code, location_geometry_point)
VALUES('23-000071', 'Caller has had three cougars coming under their sun deck for the past week. They come along the beach. Last sighting was about 06:30 DEC 31.', 'Valerie', '442 Fake St', NULL, NULL, NULL, NULL, 'Parson River Crossing', NULL, '2022-12-09 08:36:00.000', '2023-01-17 09:12:00.000', NULL, 'FLYWAY', '2023-06-29 22:16:16.754', 'FLYWAY', '2023-06-29 22:16:16.754', 'OTHER', 'COS', 'OPEN', 'PARSON', 'SRID=4326;POINT (0 0)'::geometry)
ON CONFLICT DO NOTHING;
INSERT INTO complaint
(complaint_identifier, detail_text, caller_name, caller_address, caller_email, caller_phone_1, caller_phone_2, caller_phone_3, location_summary_text, location_detailed_text, incident_utc_datetime, incident_reported_utc_timestmp, reported_by_other_text, create_user_id, create_utc_timestamp, update_user_id, update_utc_timestamp, reported_by_code, owned_by_agency_code, complaint_status_code, geo_organization_unit_code, location_geometry_point)
VALUES('23-006889', 'Originally left on COS district voicemail March 25, 2023 at 10:25 hours  and called directly on March 27, 2023 at 1:27 hours.   COM is saying neighbor is leaving carcasses of farm animals on 20 acres next to his property.  COM has spoken previously with SGT as this occurs yearly.  COM is concerned this is attracting dangerous wildlife.  ', 'Cam', '136 fake st', NULL, '555-555-5566', NULL, NULL, '512 Red Barn Road', 'tester call description 9', '2023-04-12 07:24:00.000', '2023-04-11 07:24:00.000', NULL, 'FLYWAY', '2023-06-29 22:16:16.754', 'FLYWAY', '2023-06-29 22:16:16.754', 'COS', 'COS', 'OPEN', 'DARCY', 'SRID=4326;POINT (0 0)'::geometry)
ON CONFLICT DO NOTHING;
INSERT INTO complaint
(complaint_identifier, detail_text, caller_name, caller_address, caller_email, caller_phone_1, caller_phone_2, caller_phone_3, location_summary_text, location_detailed_text, incident_utc_datetime, incident_reported_utc_timestmp, reported_by_other_text, create_user_id, create_utc_timestamp, update_user_id, update_utc_timestamp, reported_by_code, owned_by_agency_code, complaint_status_code, geo_organization_unit_code, location_geometry_point)
VALUES('23-000070', 'Elkview Gate house. Mine site. Might need to be dispatched and they do not have that capability on site. Caller reporting it can not move and there is coyotes trying to eat it.', 'Liz', '443 Fake St', NULL, NULL, NULL, NULL, '2151 Oak Road', NULL, '2022-12-07 08:33:00.000', '2023-01-18 09:12:00.000', NULL, 'FLYWAY', '2023-06-29 22:16:16.754', 'FLYWAY', '2023-06-29 22:16:16.754', NULL, 'COS', 'OPEN', 'PASSCREE', 'SRID=4326;POINT (0 0)'::geometry)
ON CONFLICT DO NOTHING;
INSERT INTO complaint
(complaint_identifier, detail_text, caller_name, caller_address, caller_email, caller_phone_1, caller_phone_2, caller_phone_3, location_summary_text, location_detailed_text, incident_utc_datetime, incident_reported_utc_timestmp, reported_by_other_text, create_user_id, create_utc_timestamp, update_user_id, update_utc_timestamp, reported_by_code, owned_by_agency_code, complaint_status_code, geo_organization_unit_code, location_geometry_point)
VALUES('23-006878', 'Email RAPP Report Teck Highland Valley Copper Partnership (HVC) -Highmont Creek: NAD 83 Zone 10U 5591804N, 642238E March 27, 2023 Potential fish mortality  During a qualified professional (QP) inspection of infrastructure it was noted that there was no screen to prevent fish from entering the Highmont Creek Diversion, a pipeline that transports contact water to the mill for process. Highmont Creek is located within the mine footprint to the east of the Mill, administration buildings and Valley South Dump. Highmont Creek has been altered during historic mining practices and is bound by historic rock dumps along the west side and upstream ends of the watercourse. An isolated, remnant fish population of Rainbow Trout exists in roughly 2.26 km of the downstream end of Highmont Creek, upstream of the Diversion infrastructure.  During extreme weather events HVC has approval under their Environmental Management Act (EMA) Effluent Permit PE-376, to discharge to environment. No fish mortalities have been observed but there is a possibility for fish to be swept downstream into the Diversion pipeline. HVC has reviewed several options on how to prevent fish from entering the Highmont Creek diversion to remain in compliance with the Fisheries Act. Installation of an end of pipe fish screen is not feasible, as flows into the pipeline would require a large amount of maintenance to keep clean to allow flows to enter the pipe and the high potential of fish to be impinged on the fish screen during high flow events. Electrical barrier option can be left instream during open water season, no physical structure to clean, safety consideration and area would need to be isolated, power source, cost and maintenance would deem this option not feasible for this system. Bubbler system was also evaluated but may not be effective in turbulent water or high flow events, maintenance and a power source also deem this option not feasible. Fish removal was also evaluated as an option. Logistically this option would be the best solution but would need to consider time constraints for meaningful engagement with Indigenous Government and Organizations and regulators, regulatory considerations for permits, Fisheries Act authorization application and offsetting, and the HVC2040 project.', 'Steve', '125 fake st', 'test@gmail.com', '555-555-5555', '555-555-5568', NULL, '16150 Walkley Rd', NULL, '2023-04-01 07:24:00.000', '2023-03-31 07:24:00.000', NULL, 'FLYWAY', '2023-06-29 22:16:16.754', 'FLYWAY', '2023-06-29 22:16:16.754', NULL, 'COS', 'OPEN', 'CRWFRDBY', 'SRID=4326;POINT (0 0)'::geometry)
ON CONFLICT DO NOTHING;
INSERT INTO complaint
(complaint_identifier, detail_text, caller_name, caller_address, caller_email, caller_phone_1, caller_phone_2, caller_phone_3, location_summary_text, location_detailed_text, incident_utc_datetime, incident_reported_utc_timestmp, reported_by_other_text, create_user_id, create_utc_timestamp, update_user_id, update_utc_timestamp, reported_by_code, owned_by_agency_code, complaint_status_code, geo_organization_unit_code, location_geometry_point)
VALUES('23-006879', 'Caller reporting a Yellowy smoke coming from the Canfor - Intercontinental Pulp Mill smells like rotten eggs. Caller advised it is starting to make the town smell. Caller advised as she was headed to the university this morning it smells really bad today. Caller is worried about pollution', 'Neil', '126 fake st', NULL, '555-555-5556', NULL, NULL, 'Loos Rd', 'tester call description 2', '2023-04-02 07:24:00.000', '2023-04-01 07:24:00.000', NULL, 'FLYWAY', '2023-06-29 22:16:16.754', 'FLYWAY', '2023-06-29 22:16:16.754', NULL, 'COS', 'OPEN', 'CRSNTSPR', 'SRID=4326;POINT (0 0)'::geometry)
ON CONFLICT DO NOTHING;
INSERT INTO complaint
(complaint_identifier, detail_text, caller_name, caller_address, caller_email, caller_phone_1, caller_phone_2, caller_phone_3, location_summary_text, location_detailed_text, incident_utc_datetime, incident_reported_utc_timestmp, reported_by_other_text, create_user_id, create_utc_timestamp, update_user_id, update_utc_timestamp, reported_by_code, owned_by_agency_code, complaint_status_code, geo_organization_unit_code, location_geometry_point)
VALUES('23-006880', 'Email RAPP Report 3rd report to RAPP by Bylaw Services regarding the feeding and placement of wildlife attractants ( raw meat) on their back deck railing. Public concerns reported in September 21,2022, December 20,2022 March 25,2023. Officer visited the restaurant in September 2022, saw the bits of meat debris left and the crows circling the railing and a lot of animal attractants such as improper grease disposal (an open bucket on his deck) grease rags hanging from his railing. We notified owner he cannot do that as it is a wildlife violation both a Bylaw and a Wildlife Act . Public report in December occurred during our holiday hours so no staff was available to address. March 25th 2023 report from member of the public with photos again of the crows sitting all over the back railing eating the raw meat he leaves out. Public reports he throws meat off his deck for the wildlife ( that we cannot confirm). He has received a warning from us and now a MTI of 50$ is being issued regarding infraction. Requesting assistance in regard to infraction of Wildlife Act and failure to comply in spite previous warning. ', 'Alec', '127 fake st', NULL, '555-555-5557', NULL, NULL, '2250 Crescent Valley Road', NULL, '2023-04-03 07:24:00.000', '2023-04-02 07:24:00.000', NULL, 'FLYWAY', '2023-06-29 22:16:16.754', 'FLYWAY', '2023-06-29 22:16:16.754', NULL, 'COS', 'OPEN', 'CRSNTVLY', 'SRID=4326;POINT (0 0)'::geometry)
ON CONFLICT DO NOTHING;
INSERT INTO complaint
(complaint_identifier, detail_text, caller_name, caller_address, caller_email, caller_phone_1, caller_phone_2, caller_phone_3, location_summary_text, location_detailed_text, incident_utc_datetime, incident_reported_utc_timestmp, reported_by_other_text, create_user_id, create_utc_timestamp, update_user_id, update_utc_timestamp, reported_by_code, owned_by_agency_code, complaint_status_code, geo_organization_unit_code, location_geometry_point)
VALUES('23-006881', 'Calling to report the neighbourhood has a lot of smoke, thinks a neighbour was burning earlier today.', 'Mike', '128 fake st', NULL, '555-555-5558', '555-555-5568', '555-555-6568', '1157 12th Ave N', NULL, '2023-04-04 07:24:00.000', '2023-04-03 07:24:00.000', NULL, 'FLYWAY', '2023-06-29 22:16:16.754', 'FLYWAY', '2023-06-29 22:16:16.754', NULL, 'COS', 'OPEN', 'CRESTON', 'SRID=4326;POINT (0 0)'::geometry)
ON CONFLICT DO NOTHING;
INSERT INTO complaint
(complaint_identifier, detail_text, caller_name, caller_address, caller_email, caller_phone_1, caller_phone_2, caller_phone_3, location_summary_text, location_detailed_text, incident_utc_datetime, incident_reported_utc_timestmp, reported_by_other_text, create_user_id, create_utc_timestamp, update_user_id, update_utc_timestamp, reported_by_code, owned_by_agency_code, complaint_status_code, geo_organization_unit_code, location_geometry_point)
VALUES('23-006882', 'Calling to report that a moose was hit by a car this morning and was in the ditch but tonight the moose is missing it''s head. The rest of the body is still present.', 'Barrett', '129 fake st', NULL, '555-555-5559', NULL, NULL, 'Osborn Bay', 'tester call description3', '2023-04-05 07:24:00.000', '2023-04-04 07:24:00.000', NULL, 'FLYWAY', '2023-06-29 22:16:16.754', 'FLYWAY', '2023-06-29 22:16:16.754', NULL, 'COS', 'OPEN', 'CROFTON', 'SRID=4326;POINT (0 0)'::geometry)
ON CONFLICT DO NOTHING;
INSERT INTO complaint
(complaint_identifier, detail_text, caller_name, caller_address, caller_email, caller_phone_1, caller_phone_2, caller_phone_3, location_summary_text, location_detailed_text, incident_utc_datetime, incident_reported_utc_timestmp, reported_by_other_text, create_user_id, create_utc_timestamp, update_user_id, update_utc_timestamp, reported_by_code, owned_by_agency_code, complaint_status_code, geo_organization_unit_code, location_geometry_point)
VALUES('23-006883', 'Caller reporting plastic garbage dumped in the shallows of Lake near the mouth of the creek When caller picked up plastics she saw a small amount of paint spill from the bag. The water is fish baring and caller can see a little cloud of material. Caller does not know how much pain was originally in the plastic bag. Caller threw out the garbage but took a picture.', 'Chris', '130 fake st', NULL, '555-555-5560', '555-555-5568', NULL, NULL, NULL, '2023-04-06 07:24:00.000', '2023-04-05 07:24:00.000', NULL, 'FLYWAY', '2023-06-29 22:16:16.754', 'FLYWAY', '2023-06-29 22:16:16.754', NULL, 'COS', 'OPEN', 'CROYDEN', 'SRID=4326;POINT (0 0)'::geometry)
ON CONFLICT DO NOTHING;
INSERT INTO complaint
(complaint_identifier, detail_text, caller_name, caller_address, caller_email, caller_phone_1, caller_phone_2, caller_phone_3, location_summary_text, location_detailed_text, incident_utc_datetime, incident_reported_utc_timestmp, reported_by_other_text, create_user_id, create_utc_timestamp, update_user_id, update_utc_timestamp, reported_by_code, owned_by_agency_code, complaint_status_code, geo_organization_unit_code, location_geometry_point)
VALUES('23-006884', 'Caller reporting potential dumping of skidder loader tires. Caller advised that a guy showed up to dump some tires and was upset at the price and told the caller he would dump them over the road embankment. Caller advised last seen at location noted below.', 'Anurupa', '131 fake st', NULL, '555-555-5561', NULL, NULL, 'Crystal Lake Rec Site', 'tester call description 4', '2023-04-07 07:24:00.000', '2023-04-06 07:24:00.000', NULL, 'FLYWAY', '2023-06-29 22:16:16.754', 'FLYWAY', '2023-06-29 22:16:16.754', NULL, 'COS', 'OPEN', 'CRYSTLLK', 'SRID=4326;POINT (0 0)'::geometry)
ON CONFLICT DO NOTHING;
INSERT INTO complaint
(complaint_identifier, detail_text, caller_name, caller_address, caller_email, caller_phone_1, caller_phone_2, caller_phone_3, location_summary_text, location_detailed_text, incident_utc_datetime, incident_reported_utc_timestmp, reported_by_other_text, create_user_id, create_utc_timestamp, update_user_id, update_utc_timestamp, reported_by_code, owned_by_agency_code, complaint_status_code, geo_organization_unit_code, location_geometry_point)
VALUES('23-000182', 'COM reporting she saw a bobcat when checking on her property 2 days ago.', 'Joanne Jackson', '1234 Merritt Avenue', NULL, '250-315-1234', NULL, NULL, '6172 Wilson Rd', NULL, '2023-04-14 10:18:00.000', '2023-01-06 09:12:00.000', NULL, 'FLYWAY', '2023-06-29 22:16:16.754', 'FLYWAY', '2023-06-29 22:16:16.754', NULL, 'COS', 'OPEN', 'PEACHLND', 'SRID=4326;POINT (-120.7893375 50.1035589)'::geometry)
ON CONFLICT DO NOTHING;
INSERT INTO complaint
(complaint_identifier, detail_text, caller_name, caller_address, caller_email, caller_phone_1, caller_phone_2, caller_phone_3, location_summary_text, location_detailed_text, incident_utc_datetime, incident_reported_utc_timestmp, reported_by_other_text, create_user_id, create_utc_timestamp, update_user_id, update_utc_timestamp, reported_by_code, owned_by_agency_code, complaint_status_code, geo_organization_unit_code, location_geometry_point)
VALUES('23-006885', 'Email RAPP Report ongoing setting up nets along the lakes and waterways setting up nets that can trap and injure the wildlife in the area visible from the roads and pathways.', 'Harry', '132 fake st', NULL, '555-555-5562', NULL, NULL, '1Km up main peak trail', 'tester call description5', '2023-04-08 07:24:00.000', '2023-04-07 07:24:00.000', NULL, 'FLYWAY', '2023-06-29 22:16:16.754', 'FLYWAY', '2023-06-29 22:16:16.754', NULL, 'COS', 'OPEN', 'CRYSTLMN', 'SRID=4326;POINT (0 0)'::geometry)
ON CONFLICT DO NOTHING;
INSERT INTO complaint
(complaint_identifier, detail_text, caller_name, caller_address, caller_email, caller_phone_1, caller_phone_2, caller_phone_3, location_summary_text, location_detailed_text, incident_utc_datetime, incident_reported_utc_timestmp, reported_by_other_text, create_user_id, create_utc_timestamp, update_user_id, update_utc_timestamp, reported_by_code, owned_by_agency_code, complaint_status_code, geo_organization_unit_code, location_geometry_point)
VALUES('23-006887', 'Caller reporting a dumping site off the side of Hwy 3, going toward Cranbrook. It is a large clearing with a burnt trailer, old couches and other junk and trash. Caller already spoke to CO and provided pictures. ', 'Tobe', '134 fake st', NULL, '555-555-5564', NULL, NULL, '2701 Rydal Ave', 'tester call description 7', '2023-04-10 07:24:00.000', '2023-04-09 07:24:00.000', 'test1', 'FLYWAY', '2023-06-29 22:16:16.754', 'FLYWAY', '2023-06-29 22:16:16.754', 'BCWF', 'COS', 'OPEN', 'CMBRLAND', 'SRID=4326;POINT (0 0)'::geometry)
ON CONFLICT DO NOTHING;
INSERT INTO complaint
(complaint_identifier, detail_text, caller_name, caller_address, caller_email, caller_phone_1, caller_phone_2, caller_phone_3, location_summary_text, location_detailed_text, incident_utc_datetime, incident_reported_utc_timestmp, reported_by_other_text, create_user_id, create_utc_timestamp, update_user_id, update_utc_timestamp, reported_by_code, owned_by_agency_code, complaint_status_code, geo_organization_unit_code, location_geometry_point)
VALUES('23-006888', 'Caller was involved in an altercation yesterday with a person who was exceeding the Caller’s understanding of the limit.  SUBs were attempting to catch 5 fish, of each type, each person (total 20.) SUBs male and their wife.  Caller requesting CO clarification regarding fish quotas for region 3.  Caller has contacted front counter BC, who referred the answer to COS.', 'Kelsey', '135 fake st', NULL, '555-555-5565', NULL, NULL, 'Keefes Landing Rd and Danskin Rd', 'tester call description 8', '2023-04-11 07:24:00.000', '2023-04-10 07:24:00.000', 'test2', 'FLYWAY', '2023-06-29 22:16:16.754', 'FLYWAY', '2023-06-29 22:16:16.754', 'BYLAW', 'COS', 'OPEN', 'DANSKIN', 'SRID=4326;POINT (-127.4810142 50.4217838)'::geometry)
ON CONFLICT DO NOTHING;
INSERT INTO complaint
(complaint_identifier, detail_text, caller_name, caller_address, caller_email, caller_phone_1, caller_phone_2, caller_phone_3, location_summary_text, location_detailed_text, incident_utc_datetime, incident_reported_utc_timestmp, reported_by_other_text, create_user_id, create_utc_timestamp, update_user_id, update_utc_timestamp, reported_by_code, owned_by_agency_code, complaint_status_code, geo_organization_unit_code, location_geometry_point)
VALUES('23-000179', 'COM was walking their dog near Douglas park – observed a cougar near Heather st. Cougar fled COM, deeper into bushes  LVM CO Ford Briefed Sgt Gravel', 'Wanda', '434 Fake St', NULL, '250-554-1234', '250-554-1235', '250-554-1236', '6169 Wilson Rd', 'detailed text 3', '2023-04-11 10:18:00.000', '2023-01-09 09:12:00.000', NULL, 'FLYWAY', '2023-06-29 22:16:16.754', 'FLYWAY', '2023-06-29 22:16:16.754', NULL, 'COS', 'OPEN', 'PEACHLND', 'SRID=4326;POINT (0 0)'::geometry)
ON CONFLICT DO NOTHING;
INSERT INTO complaint
(complaint_identifier, detail_text, caller_name, caller_address, caller_email, caller_phone_1, caller_phone_2, caller_phone_3, location_summary_text, location_detailed_text, incident_utc_datetime, incident_reported_utc_timestmp, reported_by_other_text, create_user_id, create_utc_timestamp, update_user_id, update_utc_timestamp, reported_by_code, owned_by_agency_code, complaint_status_code, geo_organization_unit_code, location_geometry_point)
VALUES('23-000180', 'Calling to report a black bear that comes through the area at night. It has been getting into garbages that have been left unsecured. Hoping a CO can come round to advise neighbour''s that they need to get their garbages locked up.', 'Annonymous', '433 Fake St', NULL, NULL, NULL, NULL, '6170 Wilson Rd', 'detailed text 2', '2023-04-12 10:18:00.000', '2023-01-08 09:12:00.000', NULL, 'FLYWAY', '2023-06-29 22:16:16.754', 'FLYWAY', '2023-06-29 22:16:16.754', NULL, 'COS', 'OPEN', 'PEACHLND', 'SRID=4326;POINT (0 0)'::geometry)
ON CONFLICT DO NOTHING;
INSERT INTO complaint
(complaint_identifier, detail_text, caller_name, caller_address, caller_email, caller_phone_1, caller_phone_2, caller_phone_3, location_summary_text, location_detailed_text, incident_utc_datetime, incident_reported_utc_timestmp, reported_by_other_text, create_user_id, create_utc_timestamp, update_user_id, update_utc_timestamp, reported_by_code, owned_by_agency_code, complaint_status_code, geo_organization_unit_code, location_geometry_point)
VALUES('23-000181', 'Calling to report a young deer, looked to be struggling to stand and walk but still mobile. Possibly hit by a car.', NULL, '432 Fake St', NULL, NULL, NULL, NULL, '6171 Wilson Rd', 'detailed text 1', '2023-04-13 10:18:00.000', '2023-01-07 09:12:00.000', NULL, 'FLYWAY', '2023-06-29 22:16:16.754', 'FLYWAY', '2023-06-29 22:16:16.754', NULL, 'COS', 'OPEN', 'PEACHLND', 'SRID=4326;POINT (0 0)'::geometry)
ON CONFLICT DO NOTHING;
INSERT INTO complaint
(complaint_identifier, detail_text, caller_name, caller_address, caller_email, caller_phone_1, caller_phone_2, caller_phone_3, location_summary_text, location_detailed_text, incident_utc_datetime, incident_reported_utc_timestmp, reported_by_other_text, create_user_id, create_utc_timestamp, update_user_id, update_utc_timestamp, reported_by_code, owned_by_agency_code, complaint_status_code, geo_organization_unit_code, location_geometry_point)
VALUES('23-000172', 'Caller reporting an injured deer. Caller said it is laying down and then it got up and has a broken leg. Caller looked outside again and it had move about 10 feet. caller thinks it was hit by a car recently.', 'Ralphie', '441 Fake St', NULL, NULL, NULL, NULL, '192 Church Ave', NULL, '2023-04-04 08:18:00.000', '2023-01-16 09:12:00.000', NULL, 'FLYWAY', '2023-06-29 22:16:16.754', 'FLYWAY', '2023-06-29 22:16:16.754', 'LE', 'COS', 'OPEN', 'GREENWOD', 'SRID=4326;POINT (0 0)'::geometry)
ON CONFLICT DO NOTHING;
INSERT INTO complaint
(complaint_identifier, detail_text, caller_name, caller_address, caller_email, caller_phone_1, caller_phone_2, caller_phone_3, location_summary_text, location_detailed_text, incident_utc_datetime, incident_reported_utc_timestmp, reported_by_other_text, create_user_id, create_utc_timestamp, update_user_id, update_utc_timestamp, reported_by_code, owned_by_agency_code, complaint_status_code, geo_organization_unit_code, location_geometry_point)
VALUES('23-006886', 'Email RAPP Report The City received a report/video from a resident showing the company Leafy Landscaping removing a red maple boulevard tree with a nest of a songbird (species undetermined) during the bird nesting window. Video of tree with nest being removed, pictures of the contractor vehicle and contact info for KCR Industrial can be provided if needed. ', 'Vita', '133 fake st', NULL, '555-555-5563', '555-555-5568', '555-555-7568', '614 Mountain View Road', 'tester call description 6', '2023-04-09 07:24:00.000', '2023-04-08 07:24:00.000', NULL, 'FLYWAY', '2023-06-29 22:16:16.754', 'FLYWAY', '2023-06-29 22:16:16.754', NULL, 'COS', 'OPEN', 'CULTSLKE', 'SRID=4326;POINT (0 0)'::geometry)
ON CONFLICT DO NOTHING;
INSERT INTO complaint
(complaint_identifier, detail_text, caller_name, caller_address, caller_email, caller_phone_1, caller_phone_2, caller_phone_3, location_summary_text, location_detailed_text, incident_utc_datetime, incident_reported_utc_timestmp, reported_by_other_text, create_user_id, create_utc_timestamp, update_user_id, update_utc_timestamp, reported_by_code, owned_by_agency_code, complaint_status_code, geo_organization_unit_code, location_geometry_point)
VALUES('23-000167', 'Caller was driving a snow plow and his a moose. Moose was knocked into the ditch and was still breathing.', NULL, '446 Fake St', NULL, NULL, NULL, NULL, '7579 6 St', NULL, '2023-04-29 08:18:00.000', '2023-01-21 09:12:00.000', NULL, 'FLYWAY', '2023-06-29 22:16:16.754', 'FLYWAY', '2023-06-29 22:16:16.754', NULL, 'COS', 'OPEN', 'GRANDFOR', 'SRID=4326;POINT (0 0)'::geometry)
ON CONFLICT DO NOTHING;
INSERT INTO complaint
(complaint_identifier, detail_text, caller_name, caller_address, caller_email, caller_phone_1, caller_phone_2, caller_phone_3, location_summary_text, location_detailed_text, incident_utc_datetime, incident_reported_utc_timestmp, reported_by_other_text, create_user_id, create_utc_timestamp, update_user_id, update_utc_timestamp, reported_by_code, owned_by_agency_code, complaint_status_code, geo_organization_unit_code, location_geometry_point)
VALUES('23-000168', 'Caller reported seeing glowing green eyes from the creek. Caller heard growling when came something came up on his deck.  The neighbor''s put garbage on his deck while he was in the hospital. There were two glowing green eyes.', 'Mikey', '445 Fake St', NULL, NULL, NULL, NULL, '7579 6 St', NULL, '2023-04-30 08:18:00.000', '2023-01-20 09:12:00.000', NULL, 'FLYWAY', '2023-06-29 22:16:16.754', 'FLYWAY', '2023-06-29 22:16:16.754', NULL, 'COS', 'OPEN', 'GRANDFOR', 'SRID=4326;POINT (0 0)'::geometry)
ON CONFLICT DO NOTHING;
INSERT INTO complaint
(complaint_identifier, detail_text, caller_name, caller_address, caller_email, caller_phone_1, caller_phone_2, caller_phone_3, location_summary_text, location_detailed_text, incident_utc_datetime, incident_reported_utc_timestmp, reported_by_other_text, create_user_id, create_utc_timestamp, update_user_id, update_utc_timestamp, reported_by_code, owned_by_agency_code, complaint_status_code, geo_organization_unit_code, location_geometry_point)
VALUES('23-000170', 'Elkview Gate house. Mine site. Might need to be dispatched and they do not have that capability on site. Caller reporting it can not move and there is coyotes trying to eat it.', 'Liz', '443 Fake St', NULL, NULL, NULL, NULL, '7581 6 St', NULL, '2023-05-02 08:18:00.000', '2023-01-18 09:12:00.000', NULL, 'FLYWAY', '2023-06-29 22:16:16.754', 'FLYWAY', '2023-06-29 22:16:16.754', NULL, 'COS', 'OPEN', 'GRANDFOR', 'SRID=4326;POINT (0 0)'::geometry)
ON CONFLICT DO NOTHING;
INSERT INTO complaint
(complaint_identifier, detail_text, caller_name, caller_address, caller_email, caller_phone_1, caller_phone_2, caller_phone_3, location_summary_text, location_detailed_text, incident_utc_datetime, incident_reported_utc_timestmp, reported_by_other_text, create_user_id, create_utc_timestamp, update_user_id, update_utc_timestamp, reported_by_code, owned_by_agency_code, complaint_status_code, geo_organization_unit_code, location_geometry_point)
VALUES('23-000173', 'Caller reported a cougar that has been coming for their garbage for the past month.', 'Tim', '440 Fake St', NULL, '250-555-1234', NULL, NULL, '194 Church Ave', NULL, '2023-04-05 08:18:00.000', '2023-01-15 09:12:00.000', NULL, 'FLYWAY', '2023-06-29 22:16:16.754', 'FLYWAY', '2023-06-29 22:16:16.754', 'CEB', 'COS', 'OPEN', 'GREENWOD', 'SRID=4326;POINT (0 0)'::geometry)
ON CONFLICT DO NOTHING;
INSERT INTO complaint
(complaint_identifier, detail_text, caller_name, caller_address, caller_email, caller_phone_1, caller_phone_2, caller_phone_3, location_summary_text, location_detailed_text, incident_utc_datetime, incident_reported_utc_timestmp, reported_by_other_text, create_user_id, create_utc_timestamp, update_user_id, update_utc_timestamp, reported_by_code, owned_by_agency_code, complaint_status_code, geo_organization_unit_code, location_geometry_point)
VALUES('23-000174', 'A Moose is stuck in the river outfall pond – exhausted and stuck in the pond muck. No colour codes, COs called in order: Briefed CO Adams', 'Carlos', '439 Fake St', NULL, NULL, NULL, NULL, '196 Church Ave', NULL, '2023-04-06 08:18:00.000', '2023-01-14 09:12:00.000', NULL, 'FLYWAY', '2023-06-29 22:16:16.754', 'FLYWAY', '2023-06-29 22:16:16.754', 'EPO', 'COS', 'OPEN', 'GREENWOD', 'SRID=4326;POINT (0 0)'::geometry)
ON CONFLICT DO NOTHING;
INSERT INTO complaint
(complaint_identifier, detail_text, caller_name, caller_address, caller_email, caller_phone_1, caller_phone_2, caller_phone_3, location_summary_text, location_detailed_text, incident_utc_datetime, incident_reported_utc_timestmp, reported_by_other_text, create_user_id, create_utc_timestamp, update_user_id, update_utc_timestamp, reported_by_code, owned_by_agency_code, complaint_status_code, geo_organization_unit_code, location_geometry_point)
VALUES('23-000175', 'Caller reporting a young deer that has an injured back leg. Caller said it has a bent back leg and it using some weight on it.', 'Arnold', '438 Fake St', NULL, NULL, NULL, NULL, '198 Church Ave', NULL, '2023-04-07 08:18:00.000', '2023-01-13 09:12:00.000', NULL, 'FLYWAY', '2023-06-29 22:16:16.754', 'FLYWAY', '2023-06-29 22:16:16.754', 'DFO', 'COS', 'OPEN', 'GREENWOD', 'SRID=4326;POINT (0 0)'::geometry)
ON CONFLICT DO NOTHING;
INSERT INTO complaint
(complaint_identifier, detail_text, caller_name, caller_address, caller_email, caller_phone_1, caller_phone_2, caller_phone_3, location_summary_text, location_detailed_text, incident_utc_datetime, incident_reported_utc_timestmp, reported_by_other_text, create_user_id, create_utc_timestamp, update_user_id, update_utc_timestamp, reported_by_code, owned_by_agency_code, complaint_status_code, geo_organization_unit_code, location_geometry_point)
VALUES('23-000177', 'RCMP relaying a report: COM has locked themselves and their dog in the trail bathroom – believe they were pursued by three wolves. Advised one officer en route from penticton LVM CO Cox Briefed CO Van Damme', 'Keisha', '436 Fake St', NULL, NULL, NULL, NULL, '3029 Spruce Dr', 'detailed text 5', '2023-04-09 08:18:00.000', '2023-01-11 09:12:00.000', 'test text', 'FLYWAY', '2023-06-29 22:16:16.754', 'FLYWAY', '2023-06-29 22:16:16.754', 'BYLAW', 'COS', 'OPEN', 'NARAMA', 'SRID=4326;POINT (0 0)'::geometry)
ON CONFLICT DO NOTHING;
INSERT INTO complaint
(complaint_identifier, detail_text, caller_name, caller_address, caller_email, caller_phone_1, caller_phone_2, caller_phone_3, location_summary_text, location_detailed_text, incident_utc_datetime, incident_reported_utc_timestmp, reported_by_other_text, create_user_id, create_utc_timestamp, update_user_id, update_utc_timestamp, reported_by_code, owned_by_agency_code, complaint_status_code, geo_organization_unit_code, location_geometry_point)
VALUES('23-000178', 'RCMP relaying a report of a deer stuck in the COM’s tree. Deer’s hoof is caught in the V, deer is dangling upside down – believe shoulder is dislocated. LVM Sgt Melenka Briefed CO Krenz', 'Dorothy Ann', '435 Fake St', 'test@gmail.com', NULL, NULL, NULL, '3029 Spruce Dr', 'detailed text 4', '2023-04-10 10:18:00.000', '2023-01-10 09:12:00.000', NULL, 'FLYWAY', '2023-06-29 22:16:16.754', 'FLYWAY', '2023-06-29 22:16:16.754', 'BCWF', 'COS', 'OPEN', 'NARAMA', 'SRID=4326;POINT (0 0)'::geometry)
ON CONFLICT DO NOTHING;
INSERT INTO complaint
(complaint_identifier, detail_text, caller_name, caller_address, caller_email, caller_phone_1, caller_phone_2, caller_phone_3, location_summary_text, location_detailed_text, incident_utc_datetime, incident_reported_utc_timestmp, reported_by_other_text, create_user_id, create_utc_timestamp, update_user_id, update_utc_timestamp, reported_by_code, owned_by_agency_code, complaint_status_code, geo_organization_unit_code, location_geometry_point)
VALUES('23-000176', 'Calling to report a black bear getting into the garbage on a regular basis. Also wanted to confirm that residents of the trailer home park could call to report sightings themselves', 'Phoebe', '437 Fake St', 'tester@gmail.com', '250-556-1234', NULL, NULL, '3029 Spruce Dr', NULL, '2023-04-08 08:18:00.000', '2023-01-12 09:12:00.000', NULL, 'FLYWAY', '2023-06-29 22:16:16.754', 'FLYWAY', '2023-06-29 22:16:16.754', 'COS', 'COS', 'OPEN', 'NARAMA', 'SRID=4326;POINT (0 0)'::geometry)
ON CONFLICT DO NOTHING;
INSERT INTO complaint
(complaint_identifier, detail_text, caller_name, caller_address, caller_email, caller_phone_1, caller_phone_2, caller_phone_3, location_summary_text, location_detailed_text, incident_utc_datetime, incident_reported_utc_timestmp, reported_by_other_text, create_user_id, create_utc_timestamp, update_user_id, update_utc_timestamp, reported_by_code, owned_by_agency_code, complaint_status_code, geo_organization_unit_code, location_geometry_point)
VALUES('23-000171', 'Caller has had three cougars coming under their sun deck for the past week. They come along the beach. Last sighting was about 06:30 DEC 31.', 'Valerie', '442 Fake St', NULL, NULL, NULL, NULL, '7581 6 St', NULL, '2023-05-03 08:18:00.000', '2023-01-17 09:12:00.000', NULL, 'FLYWAY', '2023-06-29 22:16:16.754', 'FLYWAY', '2023-06-29 22:16:16.754', 'OTHER', 'COS', 'OPEN', 'GRANDFOR', 'SRID=4326;POINT (0 0)'::geometry)
ON CONFLICT DO NOTHING;
INSERT INTO complaint
(complaint_identifier, detail_text, caller_name, caller_address, caller_email, caller_phone_1, caller_phone_2, caller_phone_3, location_summary_text, location_detailed_text, incident_utc_datetime, incident_reported_utc_timestmp, reported_by_other_text, create_user_id, create_utc_timestamp, update_user_id, update_utc_timestamp, reported_by_code, owned_by_agency_code, complaint_status_code, geo_organization_unit_code, location_geometry_point)
VALUES('23-000183', 'There is a deer with a large chunk of meat missing from its side with hide hanging. A number of golfing members have reported it. The deer has been around for 2-3 days. The deer is moving slowly around the golf course.', 'Daren Douglas', '1234  Oak Bay Avenue', 'daren@shaw.ca', '403-559-1234', NULL, NULL, '6173 Wilson Rd', NULL, '2023-04-15 10:18:00.000', '2023-01-05 09:12:00.000', 'Victoria Golf Club', 'FLYWAY', '2023-06-29 22:16:16.754', 'FLYWAY', '2023-06-29 22:16:16.754', 'OTHER', 'COS', 'OPEN', 'PEACHLND', 'SRID=4326;POINT (0 0)'::geometry)
ON CONFLICT DO NOTHING;
INSERT INTO complaint
(complaint_identifier, detail_text, caller_name, caller_address, caller_email, caller_phone_1, caller_phone_2, caller_phone_3, location_summary_text, location_detailed_text, incident_utc_datetime, incident_reported_utc_timestmp, reported_by_other_text, create_user_id, create_utc_timestamp, update_user_id, update_utc_timestamp, reported_by_code, owned_by_agency_code, complaint_status_code, geo_organization_unit_code, location_geometry_point)
VALUES('23-000065', 'left hand side heading toward Castlegar.', NULL, '448 Fake St', NULL, NULL, NULL, NULL, '3826  Laurel Drive', NULL, '2022-11-27 08:18:00.000', '2023-01-23 09:12:00.000', NULL, 'FLYWAY', '2023-06-29 22:16:16.754', 'FLYWAY', '2023-06-29 22:45:20.978', NULL, 'COS', 'OPEN', 'ROYSTON', 'SRID=4326;POINT (0 0)'::geometry)
ON CONFLICT DO NOTHING;
INSERT INTO complaint
(complaint_identifier, detail_text, caller_name, caller_address, caller_email, caller_phone_1, caller_phone_2, caller_phone_3, location_summary_text, location_detailed_text, incident_utc_datetime, incident_reported_utc_timestmp, reported_by_other_text, create_user_id, create_utc_timestamp, update_user_id, update_utc_timestamp, reported_by_code, owned_by_agency_code, complaint_status_code, geo_organization_unit_code, location_geometry_point)
VALUES('23-000166', 'RCMP reported an injured cow elk. West Bound lane, on the snow bank by the road. Original caller believes it will die of it''s injuries, but it''s still trying to get up. OC: Caroline, 778-586-1237', NULL, '447 Fake St', NULL, NULL, NULL, NULL, '7579 6 St', NULL, '2023-04-28 08:18:00.000', '2023-01-22 09:12:00.000', NULL, 'FLYWAY', '2023-06-29 22:16:16.754', 'FLYWAY', '2023-06-29 22:16:16.754', NULL, 'COS', 'OPEN', 'GRANDFOR', 'SRID=4326;POINT (0 0)'::geometry)
ON CONFLICT DO NOTHING;
INSERT INTO complaint
(complaint_identifier, detail_text, caller_name, caller_address, caller_email, caller_phone_1, caller_phone_2, caller_phone_3, location_summary_text, location_detailed_text, incident_utc_datetime, incident_reported_utc_timestmp, reported_by_other_text, create_user_id, create_utc_timestamp, update_user_id, update_utc_timestamp, reported_by_code, owned_by_agency_code, complaint_status_code, geo_organization_unit_code, location_geometry_point)
VALUES('23-007876', 'Caller reporting burning issue beside his property. Neighbor''s burning off pruned branches which has gassed out the neighborhood due to the smoldering smoke. Caller advises cherry orchard has been burning a pruned branches for seven days now has never fully been extinguished. Caller advised fire was started on Tuesday March 21 and burnt down to smoldering fire, however then was restoked following day and has repeated this up until yesterday March 27. Caller believes yesterday March 27 was the last of the pruning''s being burnt. Caller advised they stoke the fire and leave it unattended.  Caller advised was cleaning up ash off his back patio and off BBQ. Caller reported the fire is still smoldering and is worried they are burning to long. ***Caller would like CO call back with update*** ', 'Annonymous', NULL, NULL, '555-555-5555', NULL, NULL, NULL, 'tester call description1', '2023-03-30 07:24:00.000', '2023-03-22 07:24:00.000', NULL, 'FLYWAY', '2023-06-29 22:16:16.754', 'FLYWAY', '2023-06-29 22:16:16.754', NULL, 'COS', 'OPEN', 'JOHNSNLG', 'SRID=4326;POINT (0 0)'::geometry)
ON CONFLICT DO NOTHING;
INSERT INTO complaint
(complaint_identifier, detail_text, caller_name, caller_address, caller_email, caller_phone_1, caller_phone_2, caller_phone_3, location_summary_text, location_detailed_text, incident_utc_datetime, incident_reported_utc_timestmp, reported_by_other_text, create_user_id, create_utc_timestamp, update_user_id, update_utc_timestamp, reported_by_code, owned_by_agency_code, complaint_status_code, geo_organization_unit_code, location_geometry_point)
VALUES('23-007877', 'Caller advises that the owner of a rental house has chickens that are attracting wildlife (Hawks, Horned Owls). They report that the owner has put out rat poison for rats that have been attracted and that there have been Horned Owls die in the area. The Caller also reports that last week a Hawk swooped down and picked up a chicken and that their daughter and a tenant at the house scared it away when it attempted a second time.', NULL, NULL, NULL, NULL, NULL, NULL, 'Elklink Rd', NULL, '2023-03-31 07:24:00.000', '2023-03-12 07:24:00.000', NULL, 'FLYWAY', '2023-06-29 22:16:16.754', 'FLYWAY', '2023-06-29 22:16:16.754', NULL, 'COS', 'OPEN', 'JAFFRAY', 'SRID=4326;POINT (0 0)'::geometry)
ON CONFLICT DO NOTHING;
INSERT INTO complaint
(complaint_identifier, detail_text, caller_name, caller_address, caller_email, caller_phone_1, caller_phone_2, caller_phone_3, location_summary_text, location_detailed_text, incident_utc_datetime, incident_reported_utc_timestmp, reported_by_other_text, create_user_id, create_utc_timestamp, update_user_id, update_utc_timestamp, reported_by_code, owned_by_agency_code, complaint_status_code, geo_organization_unit_code, location_geometry_point)
VALUES('23-007879', 'Caller reporting a Yellowy smoke coming from the Canfor - Intercontinental Pulp Mill smells like rotten eggs. Caller advised it is starting to make the town smell. Caller advised as she was headed to the university this morning it smells really bad today. Caller is worried about pollution', 'Neil', '126 fake st', NULL, '555-555-5556', NULL, NULL, '611 7th Ave', 'tester call description 2', '2023-04-02 07:24:00.000', '2023-04-01 07:24:00.000', NULL, 'FLYWAY', '2023-06-29 22:16:16.754', 'FLYWAY', '2023-06-29 22:16:16.754', NULL, 'COS', 'OPEN', 'KASLOBC', 'SRID=4326;POINT (0 0)'::geometry)
ON CONFLICT DO NOTHING;
INSERT INTO complaint
(complaint_identifier, detail_text, caller_name, caller_address, caller_email, caller_phone_1, caller_phone_2, caller_phone_3, location_summary_text, location_detailed_text, incident_utc_datetime, incident_reported_utc_timestmp, reported_by_other_text, create_user_id, create_utc_timestamp, update_user_id, update_utc_timestamp, reported_by_code, owned_by_agency_code, complaint_status_code, geo_organization_unit_code, location_geometry_point)
VALUES('23-007880', 'Email RAPP Report 3rd report to RAPP by Bylaw Services regarding the feeding and placement of wildlife attractants ( raw meat) on their back deck railing. Public concerns reported in September 21,2022, December 20,2022 March 25,2023. Officer visited the restaurant in September 2022, saw the bits of meat debris left and the crows circling the railing and a lot of animal attractants such as improper grease disposal (an open bucket on his deck) grease rags hanging from his railing. We notified owner he cannot do that as it is a wildlife violation both a Bylaw and a Wildlife Act . Public report in December occurred during our holiday hours so no staff was available to address. March 25th 2023 report from member of the public with photos again of the crows sitting all over the back railing eating the raw meat he leaves out. Public reports he throws meat off his deck for the wildlife ( that we cannot confirm). He has received a warning from us and now a MTI of 50$ is being issued regarding infraction. Requesting assistance in regard to infraction of Wildlife Act and failure to comply in spite previous warning. ', 'Alec', '127 fake st', NULL, '555-555-5557', NULL, NULL, NULL, NULL, '2023-04-03 07:24:00.000', '2023-04-02 07:24:00.000', NULL, 'FLYWAY', '2023-06-29 22:16:16.754', 'FLYWAY', '2023-06-29 22:16:16.754', NULL, 'COS', 'OPEN', 'KINABSKT', 'SRID=4326;POINT (0 0)'::geometry)
ON CONFLICT DO NOTHING;
INSERT INTO complaint
(complaint_identifier, detail_text, caller_name, caller_address, caller_email, caller_phone_1, caller_phone_2, caller_phone_3, location_summary_text, location_detailed_text, incident_utc_datetime, incident_reported_utc_timestmp, reported_by_other_text, create_user_id, create_utc_timestamp, update_user_id, update_utc_timestamp, reported_by_code, owned_by_agency_code, complaint_status_code, geo_organization_unit_code, location_geometry_point)
VALUES('23-007881', 'Calling to report the neighbourhood has a lot of smoke, thinks a neighbour was burning earlier today.', 'Mike', '128 fake st', NULL, '555-555-5558', '555-555-5568', '555-555-6568', NULL, NULL, '2023-04-04 07:24:00.000', '2023-04-03 07:24:00.000', NULL, 'FLYWAY', '2023-06-29 22:16:16.754', 'FLYWAY', '2023-06-29 22:16:16.754', NULL, 'COS', 'OPEN', 'KINABSKT', 'SRID=4326;POINT (0 0)'::geometry)
ON CONFLICT DO NOTHING;
INSERT INTO complaint
(complaint_identifier, detail_text, caller_name, caller_address, caller_email, caller_phone_1, caller_phone_2, caller_phone_3, location_summary_text, location_detailed_text, incident_utc_datetime, incident_reported_utc_timestmp, reported_by_other_text, create_user_id, create_utc_timestamp, update_user_id, update_utc_timestamp, reported_by_code, owned_by_agency_code, complaint_status_code, geo_organization_unit_code, location_geometry_point)
VALUES('23-007882', 'Calling to report that a moose was hit by a car this morning and was in the ditch but tonight the moose is missing it''s head. The rest of the body is still present.', 'Barrett', '129 fake st', NULL, '555-555-5559', NULL, NULL, '5807 crystal Rd', 'tester call description3', '2023-04-05 07:24:00.000', '2023-04-04 07:24:00.000', NULL, 'FLYWAY', '2023-06-29 22:16:16.754', 'FLYWAY', '2023-06-29 22:16:16.754', NULL, 'COS', 'OPEN', 'KITCHNRR', 'SRID=4326;POINT (0 0)'::geometry)
ON CONFLICT DO NOTHING;
INSERT INTO complaint
(complaint_identifier, detail_text, caller_name, caller_address, caller_email, caller_phone_1, caller_phone_2, caller_phone_3, location_summary_text, location_detailed_text, incident_utc_datetime, incident_reported_utc_timestmp, reported_by_other_text, create_user_id, create_utc_timestamp, update_user_id, update_utc_timestamp, reported_by_code, owned_by_agency_code, complaint_status_code, geo_organization_unit_code, location_geometry_point)
VALUES('23-007883', 'Caller reporting plastic garbage dumped in the shallows of Lake near the mouth of the creek When caller picked up plastics she saw a small amount of paint spill from the bag. The water is fish baring and caller can see a little cloud of material. Caller does not know how much pain was originally in the plastic bag. Caller threw out the garbage but took a picture.', 'Chris', '130 fake st', NULL, '555-555-5560', '555-555-5568', NULL, '5807 crystal Rd', NULL, '2023-04-06 07:24:00.000', '2023-04-05 07:24:00.000', NULL, 'FLYWAY', '2023-06-29 22:16:16.754', 'FLYWAY', '2023-06-29 22:16:16.754', NULL, 'COS', 'OPEN', 'KITCHNRR', 'SRID=4326;POINT (0 0)'::geometry)
ON CONFLICT DO NOTHING;
INSERT INTO complaint
(complaint_identifier, detail_text, caller_name, caller_address, caller_email, caller_phone_1, caller_phone_2, caller_phone_3, location_summary_text, location_detailed_text, incident_utc_datetime, incident_reported_utc_timestmp, reported_by_other_text, create_user_id, create_utc_timestamp, update_user_id, update_utc_timestamp, reported_by_code, owned_by_agency_code, complaint_status_code, geo_organization_unit_code, location_geometry_point)
VALUES('23-000066', 'RCMP reported an injured cow elk. West Bound lane, on the snow bank by the road. Original caller believes it will die of it''s injuries, but it''s still trying to get up. OC: Caroline, 778-586-1237', NULL, '447 Fake St', NULL, NULL, NULL, NULL, 'Kalum Lake Rd', NULL, '2022-11-29 08:21:00.000', '2023-01-22 09:12:00.000', NULL, 'FLYWAY', '2023-06-29 22:16:16.754', 'FLYWAY', '2023-06-29 22:16:16.754', NULL, 'COS', 'OPEN', 'ROSSWOD', 'SRID=4326;POINT (0 0)'::geometry)
ON CONFLICT DO NOTHING;
INSERT INTO complaint
(complaint_identifier, detail_text, caller_name, caller_address, caller_email, caller_phone_1, caller_phone_2, caller_phone_3, location_summary_text, location_detailed_text, incident_utc_datetime, incident_reported_utc_timestmp, reported_by_other_text, create_user_id, create_utc_timestamp, update_user_id, update_utc_timestamp, reported_by_code, owned_by_agency_code, complaint_status_code, geo_organization_unit_code, location_geometry_point)
VALUES('23-007884', 'Caller reporting potential dumping of skidder loader tires. Caller advised that a guy showed up to dump some tires and was upset at the price and told the caller he would dump them over the road embankment. Caller advised last seen at location noted below.', 'Anurupa', '131 fake st', NULL, '555-555-5561', NULL, NULL, 'Cariboo Dr', 'tester call description 4', '2023-04-07 07:24:00.000', '2023-04-06 07:24:00.000', NULL, 'FLYWAY', '2023-06-29 22:16:16.754', 'FLYWAY', '2023-06-29 22:16:16.754', NULL, 'COS', 'OPEN', '108MLRNH', 'SRID=4326;POINT (0 0)'::geometry)
ON CONFLICT DO NOTHING;
INSERT INTO complaint
(complaint_identifier, detail_text, caller_name, caller_address, caller_email, caller_phone_1, caller_phone_2, caller_phone_3, location_summary_text, location_detailed_text, incident_utc_datetime, incident_reported_utc_timestmp, reported_by_other_text, create_user_id, create_utc_timestamp, update_user_id, update_utc_timestamp, reported_by_code, owned_by_agency_code, complaint_status_code, geo_organization_unit_code, location_geometry_point)
VALUES('23-007885', 'Email RAPP Report ongoing setting up nets along the lakes and waterways setting up nets that can trap and injure the wildlife in the area visible from the roads and pathways', 'Harry', '132 fake st', NULL, '555-555-5562', NULL, NULL, '1Km up main peak trail', 'tester call description5', '2023-04-08 07:24:00.000', '2023-04-07 07:24:00.000', NULL, 'FLYWAY', '2023-06-29 22:16:16.754', 'FLYWAY', '2023-06-29 22:16:16.754', NULL, 'COS', 'OPEN', '140MHHS', 'SRID=4326;POINT (0 0)'::geometry)
ON CONFLICT DO NOTHING;
INSERT INTO complaint
(complaint_identifier, detail_text, caller_name, caller_address, caller_email, caller_phone_1, caller_phone_2, caller_phone_3, location_summary_text, location_detailed_text, incident_utc_datetime, incident_reported_utc_timestmp, reported_by_other_text, create_user_id, create_utc_timestamp, update_user_id, update_utc_timestamp, reported_by_code, owned_by_agency_code, complaint_status_code, geo_organization_unit_code, location_geometry_point)
VALUES('23-007886', 'Email RAPP Report  The City received a report/video from a resident showing the company Leafy Landscaping removing a red maple boulevard tree with a nest of a songbird (species undetermined) during the bird nesting window. Video of tree with nest being removed, pictures of the contractor vehicle and contact info for KCR Industrial can be provided if needed. ', 'Vita', '133 fake st', NULL, '555-555-5563', '555-555-5568', '555-555-7568', 'Cariboo Dr', 'tester call description 6', '2023-04-09 07:24:00.000', '2023-04-08 07:24:00.000', NULL, 'FLYWAY', '2023-06-29 22:16:16.754', 'FLYWAY', '2023-06-29 22:16:16.754', NULL, 'COS', 'OPEN', '108MLRNH', 'SRID=4326;POINT (0 0)'::geometry)
ON CONFLICT DO NOTHING;
INSERT INTO complaint
(complaint_identifier, detail_text, caller_name, caller_address, caller_email, caller_phone_1, caller_phone_2, caller_phone_3, location_summary_text, location_detailed_text, incident_utc_datetime, incident_reported_utc_timestmp, reported_by_other_text, create_user_id, create_utc_timestamp, update_user_id, update_utc_timestamp, reported_by_code, owned_by_agency_code, complaint_status_code, geo_organization_unit_code, location_geometry_point)
VALUES('23-007887', 'Caller reporting a dumping site off the side of Hwy 3, going toward Cranbrook. It is a large clearing with a burnt trailer, old couches and other junk and trash. Caller already spoke to CO and provided pictures. ', 'Tobe', '134 fake st', NULL, '555-555-5564', NULL, NULL, NULL, 'tester call description 7', '2023-04-10 07:24:00.000', '2023-04-09 07:24:00.000', 'test1', 'FLYWAY', '2023-06-29 22:16:16.754', 'FLYWAY', '2023-06-29 22:16:16.754', 'BCWF', 'COS', 'OPEN', '140MHHS', 'SRID=4326;POINT (0 0)'::geometry)
ON CONFLICT DO NOTHING;
INSERT INTO complaint
(complaint_identifier, detail_text, caller_name, caller_address, caller_email, caller_phone_1, caller_phone_2, caller_phone_3, location_summary_text, location_detailed_text, incident_utc_datetime, incident_reported_utc_timestmp, reported_by_other_text, create_user_id, create_utc_timestamp, update_user_id, update_utc_timestamp, reported_by_code, owned_by_agency_code, complaint_status_code, geo_organization_unit_code, location_geometry_point)
VALUES('23-007888', 'Caller was involved in an altercation yesterday with a person who was exceeding the Callers understanding of the limit.  SUBs were attempting to catch 5 fish, of each type, each person (total 20.) SUBs male and their wife. Caller requesting CO clarification regarding fish quotas for region 3 Caller has contacted front counter BC, who referred the answer to COS.', 'Kelsey', '135 fake st', NULL, '555-555-5565', NULL, NULL, 'Cariboo Dr', 'tester call description 8', '2023-04-11 07:24:00.000', '2023-04-10 07:24:00.000', 'test2', 'FLYWAY', '2023-06-29 22:16:16.754', 'FLYWAY', '2023-06-29 22:16:16.754', 'BYLAW', 'COS', 'OPEN', '108MLRNH', 'SRID=4326;POINT (0 0)'::geometry)
ON CONFLICT DO NOTHING;
INSERT INTO complaint
(complaint_identifier, detail_text, caller_name, caller_address, caller_email, caller_phone_1, caller_phone_2, caller_phone_3, location_summary_text, location_detailed_text, incident_utc_datetime, incident_reported_utc_timestmp, reported_by_other_text, create_user_id, create_utc_timestamp, update_user_id, update_utc_timestamp, reported_by_code, owned_by_agency_code, complaint_status_code, geo_organization_unit_code, location_geometry_point)
VALUES('23-007889', 'Originally left on COS district voicemail March 25, 2023 at 10:25 hours  and called directly on March 27, 2023 at 1:27 hours.  COM is saying neighbor is leaving carcasses of farm animals on 20 acres next to his property.  COM has spoken previously with SGT as this occurs yearly.  COM is concerned this is attracting dangerous wildlife.  ', 'Cam', '136 fake st', NULL, '555-555-5566', NULL, NULL, NULL, 'tester call description 9', '2023-04-12 07:24:00.000', '2023-04-11 07:24:00.000', NULL, 'FLYWAY', '2023-06-29 22:16:16.754', 'FLYWAY', '2023-06-29 22:16:16.754', 'COS', 'COS', 'OPEN', '140MHHS', 'SRID=4326;POINT (0 0)'::geometry)
ON CONFLICT DO NOTHING;
INSERT INTO complaint
(complaint_identifier, detail_text, caller_name, caller_address, caller_email, caller_phone_1, caller_phone_2, caller_phone_3, location_summary_text, location_detailed_text, incident_utc_datetime, incident_reported_utc_timestmp, reported_by_other_text, create_user_id, create_utc_timestamp, update_user_id, update_utc_timestamp, reported_by_code, owned_by_agency_code, complaint_status_code, geo_organization_unit_code, location_geometry_point)
VALUES('23-007890', 'Caller advised dealing with on going coyote problem from last year. Caller believes someone is feeding the coyotes again.  *** Caller is requesting a CO callback ***', 'Brady', '137 fake st', NULL, '555-555-5567', NULL, NULL, 'Turnoff to Underwood Rd', 'tester call description 10', '2023-04-13 07:24:00.000', '2023-04-12 07:24:00.000', NULL, 'FLYWAY', '2023-06-29 22:16:16.754', 'FLYWAY', '2023-06-29 22:16:16.754', 'DFO', 'COS', 'OPEN', '108MLRNH', 'SRID=4326;POINT (0 0)'::geometry)
ON CONFLICT DO NOTHING;
INSERT INTO complaint
(complaint_identifier, detail_text, caller_name, caller_address, caller_email, caller_phone_1, caller_phone_2, caller_phone_3, location_summary_text, location_detailed_text, incident_utc_datetime, incident_reported_utc_timestmp, reported_by_other_text, create_user_id, create_utc_timestamp, update_user_id, update_utc_timestamp, reported_by_code, owned_by_agency_code, complaint_status_code, geo_organization_unit_code, location_geometry_point)
VALUES('23-007891', 'Caller’s neighbour has constructed a diversion in the creek (fishbearing), which has become clogged with debris.  Neighbour is unresponsive to conversation', 'Kevin', '138 fake st', NULL, '555-555-5568', NULL, NULL, 'Adams Lake Forest Road', 'tester call description 11', '2023-04-14 07:24:00.000', '2023-04-13 07:24:00.000', NULL, 'FLYWAY', '2023-06-29 22:16:16.754', 'FLYWAY', '2023-06-29 22:16:16.754', 'EPO', 'COS', 'OPEN', 'ADMSLKHS', 'SRID=4326;POINT (0 0)'::geometry)
ON CONFLICT DO NOTHING;
INSERT INTO complaint
(complaint_identifier, detail_text, caller_name, caller_address, caller_email, caller_phone_1, caller_phone_2, caller_phone_3, location_summary_text, location_detailed_text, incident_utc_datetime, incident_reported_utc_timestmp, reported_by_other_text, create_user_id, create_utc_timestamp, update_user_id, update_utc_timestamp, reported_by_code, owned_by_agency_code, complaint_status_code, geo_organization_unit_code, location_geometry_point)
VALUES('23-000169', 'Advises that they received an email from a citizen last night about a deer with a broken leg laying down beside the train tracks.', 'Janet', '444 Fake St', NULL, NULL, NULL, NULL, '7579 6 St', NULL, '2023-05-01 08:18:00.000', '2023-01-19 09:12:00.000', 'test text', 'FLYWAY', '2023-06-29 22:16:16.754', 'FLYWAY', '2023-06-29 22:16:16.754', NULL, 'COS', 'OPEN', 'GRANDFOR', 'SRID=4326;POINT (0 0)'::geometry)
ON CONFLICT DO NOTHING;
INSERT INTO complaint
(complaint_identifier, detail_text, caller_name, caller_address, caller_email, caller_phone_1, caller_phone_2, caller_phone_3, location_summary_text, location_detailed_text, incident_utc_datetime, incident_reported_utc_timestmp, reported_by_other_text, create_user_id, create_utc_timestamp, update_user_id, update_utc_timestamp, reported_by_code, owned_by_agency_code, complaint_status_code, geo_organization_unit_code, location_geometry_point)
VALUES('23-007878', 'Email RAPP Report Teck Highland Valley Copper Partnership (HVC) -Highmont Creek: NAD 83 Zone 10U 5591804N, 642238E March 27, 2023 Potential fish mortality  During a qualified professional (QP) inspection of infrastructure it was noted that there was no screen to prevent fish from entering the Highmont Creek Diversion, a pipeline that transports contact water to the mill for process. Highmont Creek is located within the mine footprint to the east of the Mill, administration buildings and Valley South Dump. Highmont Creek has been altered during historic mining practices and is bound by historic rock dumps along the west side and upstream ends of the watercourse. An isolated, remnant fish population of Rainbow Trout exists in roughly 2.26 km of the downstream end of Highmont Creek, upstream of the Diversion infrastructure. During extreme weather events HVC has approval under their Environmental Management Act (EMA) Effluent Permit PE-376, to discharge to environment.No fish mortalities have been observed but there is a possibility for fish to be swept downstream into the Diversion pipeline. HVC has reviewed several options on how to prevent fish from entering the Highmont Creek diversion to remain in compliance with the Fisheries Act. Installation of an end of pipe fish screen is not feasible, as flows into the pipeline would require a large amount of maintenance to keep clean to allow flows to enter the pipe and the high potential of fish to be impinged on the fish screen during high flow events. Electrical barrier option can be left instream during open water season, no physical structure to clean, safety consideration and area would need to be isolated, power source, cost and maintenance would deem this option not feasible for this system. Bubbler system was also evaluated but may not be effective in turbulent water or high flow events, maintenance and a power source also deem this option not feasible. Fish removal was also evaluated as an option. Logistically this option would be the best solution but would need to consider time constraints for meaningful engagement with Indigenous Government and Organizations and regulators, regulatory considerations for permits, Fisheries Act authorization application and offsetting, and the HVC2040 project ', 'Steve', '125 fake st', 'test@gmail.com', '555-555-5555', '555-555-5568', NULL, NULL, NULL, '2023-04-01 07:24:00.000', '2023-03-31 07:24:00.000', NULL, 'FLYWAY', '2023-06-29 22:16:16.754', 'FLYWAY', '2023-06-29 22:16:16.754', NULL, 'COS', 'OPEN', 'JAFFRAY', 'SRID=4326;POINT (0 0)'::geometry)
ON CONFLICT DO NOTHING;
INSERT INTO complaint
(complaint_identifier, detail_text, caller_name, caller_address, caller_email, caller_phone_1, caller_phone_2, caller_phone_3, location_summary_text, location_detailed_text, incident_utc_datetime, incident_reported_utc_timestmp, reported_by_other_text, create_user_id, create_utc_timestamp, update_user_id, update_utc_timestamp, reported_by_code, owned_by_agency_code, complaint_status_code, geo_organization_unit_code, location_geometry_point)
VALUES('23-007875', 'On Mar 28, 2023 at 1645 hrs I observed Lean Bean Miller''s truck (see photo) hauling a load of poultry slaughter waste along Doran Rd heading north to Hillbank Rd. I have followed this truck in past from the Island Farmhouse Poultry facility to 4035 Hillbank Road and can attest that this is the route this truck takes to dump its loads of slaughter waste. Last month both Island Farmhouse Poultry Ltd. and GT Farms were told by the Ministry to ''Immediately cease disposing of any processing waste that comes from poultry not reared, kept or slaughtered at Miller properties.'' The most recent Ministry Inspection reports, UA202814 and AG144737, both stated that this unauthorized waste disposal must be ceased immediately. Its time for the Ministry to involve the Conservation Officer Service and to start taking regulations enforcement seriously. ', 'Dalton Campbell', '1234 Doran Road, Cobble Hill, BC V0R 1L5 ', 'dalton.campbell@shaw.ca', '250-743-1331', NULL, NULL, 'Houston Road', 'In a Van down by the River', '2023-03-29 07:24:00.000', '2023-03-29 07:24:00.000', 'Caller', 'FLYWAY', '2023-06-29 22:16:16.754', 'FLYWAY', '2023-06-29 22:16:16.754', 'OTHER', 'COS', 'OPEN', 'JOHNSNLG', 'SRID=4326;POINT (-127.4810142 50.4217838)'::geometry)
ON CONFLICT DO NOTHING;
INSERT INTO complaint
(complaint_identifier, detail_text, caller_name, caller_address, caller_email, caller_phone_1, caller_phone_2, caller_phone_3, location_summary_text, location_detailed_text, incident_utc_datetime, incident_reported_utc_timestmp, reported_by_other_text, create_user_id, create_utc_timestamp, update_user_id, update_utc_timestamp, reported_by_code, owned_by_agency_code, complaint_status_code, geo_organization_unit_code, location_geometry_point)
VALUES('23-006893', NULL, NULL, '140 fake st', NULL, NULL, NULL, NULL, 'Dawsons Landing General Store', 'tester call description 13', '2023-04-16 07:24:00.000', '2023-04-15 07:24:00.000', NULL, 'FLYWAY', '2023-06-29 22:16:16.754', 'FLYWAY', '2023-06-29 22:45:45.914', 'LE', 'COS', 'OPEN', 'DAWSONSL', 'SRID=4326;POINT (0 0)'::geometry)
ON CONFLICT DO NOTHING;
INSERT INTO complaint
(complaint_identifier, detail_text, caller_name, caller_address, caller_email, caller_phone_1, caller_phone_2, caller_phone_3, location_summary_text, location_detailed_text, incident_utc_datetime, incident_reported_utc_timestmp, reported_by_other_text, create_user_id, create_utc_timestamp, update_user_id, update_utc_timestamp, reported_by_code, owned_by_agency_code, complaint_status_code, geo_organization_unit_code, location_geometry_point)
VALUES('23-000165', 'left hand side heading toward Castlegar.', NULL, '448 Fake St', NULL, NULL, NULL, NULL, '7579 6 St', NULL, '2023-04-27 08:18:00.000', '2023-01-23 09:12:00.000', NULL, 'FLYWAY', '2023-06-29 22:16:16.754', 'FLYWAY', '2023-06-29 22:44:25.700', NULL, 'COS', 'OPEN', 'GRANDFOR', 'SRID=4326;POINT (0 0)'::geometry)
ON CONFLICT DO NOTHING;
INSERT INTO complaint
(complaint_identifier, detail_text, caller_name, caller_address, caller_email, caller_phone_1, caller_phone_2, caller_phone_3, location_summary_text, location_detailed_text, incident_utc_datetime, incident_reported_utc_timestmp, reported_by_other_text, create_user_id, create_utc_timestamp, update_user_id, update_utc_timestamp, reported_by_code, owned_by_agency_code, complaint_status_code, geo_organization_unit_code, location_geometry_point)
VALUES('23-007892', 'Caller advised there is someones dog that is a chaser. It chases people walking/biking by and wildlife. Yesterday the dog was chasing the caller.', 'Doug', '139 fake st', NULL, '555-555-5569', NULL, NULL, 'Adams Lake Forest Road', 'tester call description 12', '2023-04-15 07:24:00.000', '2023-04-14 07:24:00.000', NULL, 'FLYWAY', '2023-06-29 22:16:16.754', 'FLYWAY', '2023-06-29 22:44:52.150', 'CEB', 'COS', 'OPEN', 'ADMSLKHS', 'SRID=4326;POINT (0 0)'::geometry)
ON CONFLICT DO NOTHING;


-------------------------
-- INSERT HWCR_COMPLAINT RECORDS
-------------------------
INSERT INTO hwcr_complaint
(hwcr_complaint_guid, other_attractants_text, create_user_id, create_utc_timestamp, update_user_id, update_utc_timestamp, complaint_identifier, species_code, hwcr_complaint_nature_code)
VALUES('40590e4c-7eb9-4eeb-be9f-faec69dd1645'::uuid, NULL, 'FLYWAY', '2023-06-29 22:16:16.754', 'FLYWAY', '2023-06-29 22:16:16.754', '23-000165', 'DEER', 'INJNP')
ON CONFLICT DO NOTHING;
INSERT INTO hwcr_complaint
(hwcr_complaint_guid, other_attractants_text, create_user_id, create_utc_timestamp, update_user_id, update_utc_timestamp, complaint_identifier, species_code, hwcr_complaint_nature_code)
VALUES('f1de4866-ec89-4eb1-ac5b-0076e09c8f08'::uuid, NULL, 'FLYWAY', '2023-06-29 22:16:16.754', 'FLYWAY', '2023-06-29 22:16:16.754', '23-000166', 'ELK', 'INJNP')
ON CONFLICT DO NOTHING;
INSERT INTO hwcr_complaint
(hwcr_complaint_guid, other_attractants_text, create_user_id, create_utc_timestamp, update_user_id, update_utc_timestamp, complaint_identifier, species_code, hwcr_complaint_nature_code)
VALUES('214c5cea-e9a8-4542-b7b0-67501800fcda'::uuid, NULL, 'FLYWAY', '2023-06-29 22:16:16.754', 'FLYWAY', '2023-06-29 22:16:16.754', '23-000167', 'MOOSE', 'INJNP')
ON CONFLICT DO NOTHING;
INSERT INTO hwcr_complaint
(hwcr_complaint_guid, other_attractants_text, create_user_id, create_utc_timestamp, update_user_id, update_utc_timestamp, complaint_identifier, species_code, hwcr_complaint_nature_code)
VALUES('04d10538-cd30-43a1-9cab-3df34aa176c9'::uuid, NULL, 'FLYWAY', '2023-06-29 22:16:16.754', 'FLYWAY', '2023-06-29 22:16:16.754', '23-000168', 'UNKNOWN', 'LIVNCOU')
ON CONFLICT DO NOTHING;
INSERT INTO hwcr_complaint
(hwcr_complaint_guid, other_attractants_text, create_user_id, create_utc_timestamp, update_user_id, update_utc_timestamp, complaint_identifier, species_code, hwcr_complaint_nature_code)
VALUES('7c1a3345-45c1-4b2e-85d0-7ee757a5c988'::uuid, NULL, 'FLYWAY', '2023-06-29 22:16:16.754', 'FLYWAY', '2023-06-29 22:16:16.754', '23-000169', 'DEER', 'CONFINED')
ON CONFLICT DO NOTHING;
INSERT INTO hwcr_complaint
(hwcr_complaint_guid, other_attractants_text, create_user_id, create_utc_timestamp, update_user_id, update_utc_timestamp, complaint_identifier, species_code, hwcr_complaint_nature_code)
VALUES('7acb93c2-90ea-4244-9b3f-5e93dced3c85'::uuid, NULL, 'FLYWAY', '2023-06-29 22:16:16.754', 'FLYWAY', '2023-06-29 22:16:16.754', '23-000170', 'DEER', 'CONFINED')
ON CONFLICT DO NOTHING;
INSERT INTO hwcr_complaint
(hwcr_complaint_guid, other_attractants_text, create_user_id, create_utc_timestamp, update_user_id, update_utc_timestamp, complaint_identifier, species_code, hwcr_complaint_nature_code)
VALUES('8d9b03bd-7f89-4c7f-90e2-a299f4bead32'::uuid, NULL, 'FLYWAY', '2023-06-29 22:16:16.754', 'FLYWAY', '2023-06-29 22:16:16.754', '23-000171', 'COUGAR', 'AGGPRES')
ON CONFLICT DO NOTHING;
INSERT INTO hwcr_complaint
(hwcr_complaint_guid, other_attractants_text, create_user_id, create_utc_timestamp, update_user_id, update_utc_timestamp, complaint_identifier, species_code, hwcr_complaint_nature_code)
VALUES('b4c72f16-0fe5-4901-8532-2b19e4d30f84'::uuid, NULL, 'FLYWAY', '2023-06-29 22:16:16.754', 'FLYWAY', '2023-06-29 22:16:16.754', '23-000172', 'DEER', 'INJPRES')
ON CONFLICT DO NOTHING;
INSERT INTO hwcr_complaint
(hwcr_complaint_guid, other_attractants_text, create_user_id, create_utc_timestamp, update_user_id, update_utc_timestamp, complaint_identifier, species_code, hwcr_complaint_nature_code)
VALUES('c7486616-33bd-4f52-9a0e-d25c8d54fd5e'::uuid, NULL, 'FLYWAY', '2023-06-29 22:16:16.754', 'FLYWAY', '2023-06-29 22:16:16.754', '23-000173', 'COUGAR', 'HUMINJ')
ON CONFLICT DO NOTHING;
INSERT INTO hwcr_complaint
(hwcr_complaint_guid, other_attractants_text, create_user_id, create_utc_timestamp, update_user_id, update_utc_timestamp, complaint_identifier, species_code, hwcr_complaint_nature_code)
VALUES('180fe985-ea97-456b-a7b0-91a5e8527292'::uuid, NULL, 'FLYWAY', '2023-06-29 22:16:16.754', 'FLYWAY', '2023-06-29 22:16:16.754', '23-000174', 'MOOSE', 'INJPRES')
ON CONFLICT DO NOTHING;
INSERT INTO hwcr_complaint
(hwcr_complaint_guid, other_attractants_text, create_user_id, create_utc_timestamp, update_user_id, update_utc_timestamp, complaint_identifier, species_code, hwcr_complaint_nature_code)
VALUES('ddac1822-326e-48d7-a8eb-cc38262870f6'::uuid, NULL, 'FLYWAY', '2023-06-29 22:16:16.754', 'FLYWAY', '2023-06-29 22:16:16.754', '23-000175', 'DEER', 'INJPRES')
ON CONFLICT DO NOTHING;
INSERT INTO hwcr_complaint
(hwcr_complaint_guid, other_attractants_text, create_user_id, create_utc_timestamp, update_user_id, update_utc_timestamp, complaint_identifier, species_code, hwcr_complaint_nature_code)
VALUES('2854ed44-d7f2-402e-927f-57e54f6da876'::uuid, NULL, 'FLYWAY', '2023-06-29 22:16:16.754', 'FLYWAY', '2023-06-29 22:16:16.754', '23-000176', 'BLKBEAR', 'AGGPRES')
ON CONFLICT DO NOTHING;
INSERT INTO hwcr_complaint
(hwcr_complaint_guid, other_attractants_text, create_user_id, create_utc_timestamp, update_user_id, update_utc_timestamp, complaint_identifier, species_code, hwcr_complaint_nature_code)
VALUES('cfa89ef0-ba61-4d86-b0c2-99d348bbdef4'::uuid, 'test attract text', 'FLYWAY', '2023-06-29 22:16:16.754', 'FLYWAY', '2023-06-29 22:16:16.754', '23-000177', 'WOLF', 'SGHTNGS')
ON CONFLICT DO NOTHING;
INSERT INTO hwcr_complaint
(hwcr_complaint_guid, other_attractants_text, create_user_id, create_utc_timestamp, update_user_id, update_utc_timestamp, complaint_identifier, species_code, hwcr_complaint_nature_code)
VALUES('163d2996-0f09-48b7-b100-2810db7fc316'::uuid, NULL, 'FLYWAY', '2023-06-29 22:16:16.754', 'FLYWAY', '2023-06-29 22:16:16.754', '23-000178', 'DEER', 'INJPRES')
ON CONFLICT DO NOTHING;
INSERT INTO hwcr_complaint
(hwcr_complaint_guid, other_attractants_text, create_user_id, create_utc_timestamp, update_user_id, update_utc_timestamp, complaint_identifier, species_code, hwcr_complaint_nature_code)
VALUES('496f3ef1-bf6e-48ce-8858-7edb04572d40'::uuid, NULL, 'FLYWAY', '2023-06-29 22:16:16.754', 'FLYWAY', '2023-06-29 22:16:16.754', '23-000179', 'COUGAR', 'SGHTNGS')
ON CONFLICT DO NOTHING;
INSERT INTO hwcr_complaint
(hwcr_complaint_guid, other_attractants_text, create_user_id, create_utc_timestamp, update_user_id, update_utc_timestamp, complaint_identifier, species_code, hwcr_complaint_nature_code)
VALUES('e8523a29-3ae4-4371-91cb-bcefd00ce4a4'::uuid, NULL, 'FLYWAY', '2023-06-29 22:16:16.754', 'FLYWAY', '2023-06-29 22:16:16.754', '23-000180', 'BLKBEAR', 'SGHTNGS')
ON CONFLICT DO NOTHING;
INSERT INTO hwcr_complaint
(hwcr_complaint_guid, other_attractants_text, create_user_id, create_utc_timestamp, update_user_id, update_utc_timestamp, complaint_identifier, species_code, hwcr_complaint_nature_code)
VALUES('659447ea-5d87-469d-9960-fb2e25cb5166'::uuid, NULL, 'FLYWAY', '2023-06-29 22:16:16.754', 'FLYWAY', '2023-06-29 22:16:16.754', '23-000181', 'DEER', 'DEADNV')
ON CONFLICT DO NOTHING;
INSERT INTO hwcr_complaint
(hwcr_complaint_guid, other_attractants_text, create_user_id, create_utc_timestamp, update_user_id, update_utc_timestamp, complaint_identifier, species_code, hwcr_complaint_nature_code)
VALUES('9efc69f9-54c1-4df9-8bee-b1c601786728'::uuid, NULL, 'FLYWAY', '2023-06-29 22:16:16.754', 'FLYWAY', '2023-06-29 22:16:16.754', '23-000182', 'BOBCAT', 'SGHTNGS')
ON CONFLICT DO NOTHING;
INSERT INTO hwcr_complaint
(hwcr_complaint_guid, other_attractants_text, create_user_id, create_utc_timestamp, update_user_id, update_utc_timestamp, complaint_identifier, species_code, hwcr_complaint_nature_code)
VALUES('ae6e0dc4-b960-4b37-9dc9-ce303733a69d'::uuid, NULL, 'FLYWAY', '2023-06-29 22:16:16.754', 'FLYWAY', '2023-06-29 22:16:16.754', '23-000183', 'DEER', 'INJNP')
ON CONFLICT DO NOTHING;
INSERT INTO hwcr_complaint
(hwcr_complaint_guid, other_attractants_text, create_user_id, create_utc_timestamp, update_user_id, update_utc_timestamp, complaint_identifier, species_code, hwcr_complaint_nature_code)
VALUES('f41eadd8-ca53-40da-9a4c-8e40c7a64086'::uuid, NULL, 'FLYWAY', '2023-06-29 22:16:16.754', 'FLYWAY', '2023-06-29 22:16:16.754', '23-000065', 'DEER', 'INJNP')
ON CONFLICT DO NOTHING;
INSERT INTO hwcr_complaint
(hwcr_complaint_guid, other_attractants_text, create_user_id, create_utc_timestamp, update_user_id, update_utc_timestamp, complaint_identifier, species_code, hwcr_complaint_nature_code)
VALUES('fec7c415-78a2-4480-bcf8-06d88536a220'::uuid, NULL, 'FLYWAY', '2023-06-29 22:16:16.754', 'FLYWAY', '2023-06-29 22:16:16.754', '23-000066', 'ELK', 'INJNP')
ON CONFLICT DO NOTHING;
INSERT INTO hwcr_complaint
(hwcr_complaint_guid, other_attractants_text, create_user_id, create_utc_timestamp, update_user_id, update_utc_timestamp, complaint_identifier, species_code, hwcr_complaint_nature_code)
VALUES('bf02d937-77c0-420b-8c0b-8990751bb8f0'::uuid, NULL, 'FLYWAY', '2023-06-29 22:16:16.754', 'FLYWAY', '2023-06-29 22:16:16.754', '23-000067', 'MOOSE', 'INJNP')
ON CONFLICT DO NOTHING;
INSERT INTO hwcr_complaint
(hwcr_complaint_guid, other_attractants_text, create_user_id, create_utc_timestamp, update_user_id, update_utc_timestamp, complaint_identifier, species_code, hwcr_complaint_nature_code)
VALUES('96e101ea-b0de-47c3-b557-9a89d4a8adee'::uuid, NULL, 'FLYWAY', '2023-06-29 22:16:16.754', 'FLYWAY', '2023-06-29 22:16:16.754', '23-000068', 'UNKNOWN', 'LIVNCOU')
ON CONFLICT DO NOTHING;
INSERT INTO hwcr_complaint
(hwcr_complaint_guid, other_attractants_text, create_user_id, create_utc_timestamp, update_user_id, update_utc_timestamp, complaint_identifier, species_code, hwcr_complaint_nature_code)
VALUES('d7aee78c-821e-4df4-a94d-3cd7bb12f9b1'::uuid, NULL, 'FLYWAY', '2023-06-29 22:16:16.754', 'FLYWAY', '2023-06-29 22:16:16.754', '23-000069', 'DEER', 'CONFINED')
ON CONFLICT DO NOTHING;
INSERT INTO hwcr_complaint
(hwcr_complaint_guid, other_attractants_text, create_user_id, create_utc_timestamp, update_user_id, update_utc_timestamp, complaint_identifier, species_code, hwcr_complaint_nature_code)
VALUES('ece0c5fe-325b-4baf-9d6c-700e3952bb43'::uuid, NULL, 'FLYWAY', '2023-06-29 22:16:16.754', 'FLYWAY', '2023-06-29 22:16:16.754', '23-000070', 'DEER', 'CONFINED')
ON CONFLICT DO NOTHING;
INSERT INTO hwcr_complaint
(hwcr_complaint_guid, other_attractants_text, create_user_id, create_utc_timestamp, update_user_id, update_utc_timestamp, complaint_identifier, species_code, hwcr_complaint_nature_code)
VALUES('c43d5f50-ceab-4310-8e90-e8258f0b3860'::uuid, NULL, 'FLYWAY', '2023-06-29 22:16:16.754', 'FLYWAY', '2023-06-29 22:16:16.754', '23-000071', 'COUGAR', 'AGGPRES')
ON CONFLICT DO NOTHING;
INSERT INTO hwcr_complaint
(hwcr_complaint_guid, other_attractants_text, create_user_id, create_utc_timestamp, update_user_id, update_utc_timestamp, complaint_identifier, species_code, hwcr_complaint_nature_code)
VALUES('c4c0c2f1-5d48-47ca-9377-0f986da86fa5'::uuid, NULL, 'FLYWAY', '2023-06-29 22:16:16.754', 'FLYWAY', '2023-06-29 22:16:16.754', '23-000072', 'DEER', 'INJPRES')
ON CONFLICT DO NOTHING;
INSERT INTO hwcr_complaint
(hwcr_complaint_guid, other_attractants_text, create_user_id, create_utc_timestamp, update_user_id, update_utc_timestamp, complaint_identifier, species_code, hwcr_complaint_nature_code)
VALUES('5e174369-d943-4190-9ab1-dc7afdd2fdf6'::uuid, NULL, 'FLYWAY', '2023-06-29 22:16:16.754', 'FLYWAY', '2023-06-29 22:16:16.754', '23-000073', 'COUGAR', 'HUMINJ')
ON CONFLICT DO NOTHING;
INSERT INTO hwcr_complaint
(hwcr_complaint_guid, other_attractants_text, create_user_id, create_utc_timestamp, update_user_id, update_utc_timestamp, complaint_identifier, species_code, hwcr_complaint_nature_code)
VALUES('3e4ea0f5-65f5-43fa-810a-d2330ed946f4'::uuid, NULL, 'FLYWAY', '2023-06-29 22:16:16.754', 'FLYWAY', '2023-06-29 22:16:16.754', '23-000074', 'MOOSE', 'INJPRES')
ON CONFLICT DO NOTHING;
INSERT INTO hwcr_complaint
(hwcr_complaint_guid, other_attractants_text, create_user_id, create_utc_timestamp, update_user_id, update_utc_timestamp, complaint_identifier, species_code, hwcr_complaint_nature_code)
VALUES('33876080-7b8d-4b5b-a0ee-7b44367dd6f3'::uuid, NULL, 'FLYWAY', '2023-06-29 22:16:16.754', 'FLYWAY', '2023-06-29 22:16:16.754', '23-000075', 'DEER', 'INJPRES')
ON CONFLICT DO NOTHING;
INSERT INTO hwcr_complaint
(hwcr_complaint_guid, other_attractants_text, create_user_id, create_utc_timestamp, update_user_id, update_utc_timestamp, complaint_identifier, species_code, hwcr_complaint_nature_code)
VALUES('a4d0f312-5b2c-45e7-9c6c-d392c8ea1e7f'::uuid, NULL, 'FLYWAY', '2023-06-29 22:16:16.754', 'FLYWAY', '2023-06-29 22:16:16.754', '23-000076', 'BLKBEAR', 'AGGPRES')
ON CONFLICT DO NOTHING;
INSERT INTO hwcr_complaint
(hwcr_complaint_guid, other_attractants_text, create_user_id, create_utc_timestamp, update_user_id, update_utc_timestamp, complaint_identifier, species_code, hwcr_complaint_nature_code)
VALUES('9d9d43ca-7c0b-4830-824e-eea3839852b8'::uuid, NULL, 'FLYWAY', '2023-06-29 22:16:16.754', 'FLYWAY', '2023-06-29 22:16:16.754', '23-000078', 'DEER', 'INJPRES')
ON CONFLICT DO NOTHING;
INSERT INTO hwcr_complaint
(hwcr_complaint_guid, other_attractants_text, create_user_id, create_utc_timestamp, update_user_id, update_utc_timestamp, complaint_identifier, species_code, hwcr_complaint_nature_code)
VALUES('61740fa4-3329-4bc7-98fc-aea1142349e2'::uuid, NULL, 'FLYWAY', '2023-06-29 22:16:16.754', 'FLYWAY', '2023-06-29 22:16:16.754', '23-000079', 'COUGAR', 'SGHTNGS')
ON CONFLICT DO NOTHING;
INSERT INTO hwcr_complaint
(hwcr_complaint_guid, other_attractants_text, create_user_id, create_utc_timestamp, update_user_id, update_utc_timestamp, complaint_identifier, species_code, hwcr_complaint_nature_code)
VALUES('4af9be4a-ab1a-4742-bc70-395d9fb62894'::uuid, NULL, 'FLYWAY', '2023-06-29 22:16:16.754', 'FLYWAY', '2023-06-29 22:16:16.754', '23-000080', 'BLKBEAR', 'SGHTNGS')
ON CONFLICT DO NOTHING;
INSERT INTO hwcr_complaint
(hwcr_complaint_guid, other_attractants_text, create_user_id, create_utc_timestamp, update_user_id, update_utc_timestamp, complaint_identifier, species_code, hwcr_complaint_nature_code)
VALUES('1d1c10b9-0b8f-48b8-8110-3dafbd3f11e7'::uuid, NULL, 'FLYWAY', '2023-06-29 22:16:16.754', 'FLYWAY', '2023-06-29 22:16:16.754', '23-000081', 'DEER', 'DEADNV')
ON CONFLICT DO NOTHING;
INSERT INTO hwcr_complaint
(hwcr_complaint_guid, other_attractants_text, create_user_id, create_utc_timestamp, update_user_id, update_utc_timestamp, complaint_identifier, species_code, hwcr_complaint_nature_code)
VALUES('05cb2926-16ad-4526-8bb0-24b0e40b8d64'::uuid, NULL, 'FLYWAY', '2023-06-29 22:16:16.754', 'FLYWAY', '2023-06-29 22:16:16.754', '23-000082', 'BOBCAT', 'SGHTNGS')
ON CONFLICT DO NOTHING;
INSERT INTO hwcr_complaint
(hwcr_complaint_guid, other_attractants_text, create_user_id, create_utc_timestamp, update_user_id, update_utc_timestamp, complaint_identifier, species_code, hwcr_complaint_nature_code)
VALUES('d6448826-6442-4fbc-bad7-8725432b52b0'::uuid, NULL, 'FLYWAY', '2023-06-29 22:16:16.754', 'FLYWAY', '2023-06-29 22:16:16.754', '23-000083', 'DEER', 'INJNP')
ON CONFLICT DO NOTHING;


-------------------------
-- INSERT ALLEGATION_COMPLAINT RECORDS
-------------------------

INSERT INTO allegation_complaint
(allegation_complaint_guid, in_progress_ind, observed_ind, suspect_witnesss_dtl_text, create_user_id, create_utc_timestamp, update_user_id, update_utc_timestamp, complaint_identifier, violation_code)
VALUES('8c2bc8af-8de1-4fea-a4cb-3cd57d7aef35'::uuid, false, true, 'Driver not seen clearly enough to identify. A large 3-axelled bin truck with a yellow cab, large chrome window visor with a brown roof and fenders. The license number is RF 1234. The truck was carrying a special sealed bin designed to transport and dump slaughter waste (see attached photo). Dalton Campbell, 1234 Doran Road, Cobble Hill, BC, V0R 1L5 250-743-1234', 'FLYWAY', '2023-06-29 22:16:16.754', 'FLYWAY', '2023-06-29 22:16:16.754', '23-006875', 'WASTE')
ON CONFLICT DO NOTHING;
INSERT INTO allegation_complaint
(allegation_complaint_guid, in_progress_ind, observed_ind, suspect_witnesss_dtl_text, create_user_id, create_utc_timestamp, update_user_id, update_utc_timestamp, complaint_identifier, violation_code)
VALUES('fe21c256-34a8-4567-9987-c0b7028eb12b'::uuid, false, false, 'tester suspect witness', 'FLYWAY', '2023-06-29 22:16:16.754', 'FLYWAY', '2023-06-29 22:16:16.754', '23-006876', 'OPENBURN')
ON CONFLICT DO NOTHING;
INSERT INTO allegation_complaint
(allegation_complaint_guid, in_progress_ind, observed_ind, suspect_witnesss_dtl_text, create_user_id, create_utc_timestamp, update_user_id, update_utc_timestamp, complaint_identifier, violation_code)
VALUES('39eae331-6ecb-4444-a2b8-10769e24469e'::uuid, false, true, NULL, 'FLYWAY', '2023-06-29 22:16:16.754', 'FLYWAY', '2023-06-29 22:16:16.754', '23-006877', 'WILDLIFE')
ON CONFLICT DO NOTHING;
INSERT INTO allegation_complaint
(allegation_complaint_guid, in_progress_ind, observed_ind, suspect_witnesss_dtl_text, create_user_id, create_utc_timestamp, update_user_id, update_utc_timestamp, complaint_identifier, violation_code)
VALUES('2666473f-c526-4121-954b-0ac90953388f'::uuid, true, false, NULL, 'FLYWAY', '2023-06-29 22:16:16.754', 'FLYWAY', '2023-06-29 22:16:16.754', '23-006878', 'WILDLIFE')
ON CONFLICT DO NOTHING;
INSERT INTO allegation_complaint
(allegation_complaint_guid, in_progress_ind, observed_ind, suspect_witnesss_dtl_text, create_user_id, create_utc_timestamp, update_user_id, update_utc_timestamp, complaint_identifier, violation_code)
VALUES('5b9e5d53-3c6a-45a7-92c7-d8e075d36a5c'::uuid, true, true, NULL, 'FLYWAY', '2023-06-29 22:16:16.754', 'FLYWAY', '2023-06-29 22:16:16.754', '23-006879', 'OPENBURN')
ON CONFLICT DO NOTHING;
INSERT INTO allegation_complaint
(allegation_complaint_guid, in_progress_ind, observed_ind, suspect_witnesss_dtl_text, create_user_id, create_utc_timestamp, update_user_id, update_utc_timestamp, complaint_identifier, violation_code)
VALUES('2f576beb-1361-4ac2-b866-b2891389cd5a'::uuid, true, false, NULL, 'FLYWAY', '2023-06-29 22:16:16.754', 'FLYWAY', '2023-06-29 22:16:16.754', '23-006880', 'WILDLIFE')
ON CONFLICT DO NOTHING;
INSERT INTO allegation_complaint
(allegation_complaint_guid, in_progress_ind, observed_ind, suspect_witnesss_dtl_text, create_user_id, create_utc_timestamp, update_user_id, update_utc_timestamp, complaint_identifier, violation_code)
VALUES('d15c7478-34cf-44e7-9f73-4037be481f0f'::uuid, true, true, NULL, 'FLYWAY', '2023-06-29 22:16:16.754', 'FLYWAY', '2023-06-29 22:16:16.754', '23-006881', 'OPENBURN')
ON CONFLICT DO NOTHING;
INSERT INTO allegation_complaint
(allegation_complaint_guid, in_progress_ind, observed_ind, suspect_witnesss_dtl_text, create_user_id, create_utc_timestamp, update_user_id, update_utc_timestamp, complaint_identifier, violation_code)
VALUES('669f860b-5490-405e-a181-c23d2c225ecf'::uuid, true, false, NULL, 'FLYWAY', '2023-06-29 22:16:16.754', 'FLYWAY', '2023-06-29 22:16:16.754', '23-006882', 'OTHER')
ON CONFLICT DO NOTHING;
INSERT INTO allegation_complaint
(allegation_complaint_guid, in_progress_ind, observed_ind, suspect_witnesss_dtl_text, create_user_id, create_utc_timestamp, update_user_id, update_utc_timestamp, complaint_identifier, violation_code)
VALUES('686ea89d-693b-4fdf-9266-226171e6dbd3'::uuid, true, true, NULL, 'FLYWAY', '2023-06-29 22:16:16.754', 'FLYWAY', '2023-06-29 22:16:16.754', '23-006883', 'DUMPING')
ON CONFLICT DO NOTHING;
INSERT INTO allegation_complaint
(allegation_complaint_guid, in_progress_ind, observed_ind, suspect_witnesss_dtl_text, create_user_id, create_utc_timestamp, update_user_id, update_utc_timestamp, complaint_identifier, violation_code)
VALUES('627694a9-baa6-4fb8-bc23-e2f30253f2c4'::uuid, true, false, NULL, 'FLYWAY', '2023-06-29 22:16:16.754', 'FLYWAY', '2023-06-29 22:16:16.754', '23-006884', 'RECREATN')
ON CONFLICT DO NOTHING;
INSERT INTO allegation_complaint
(allegation_complaint_guid, in_progress_ind, observed_ind, suspect_witnesss_dtl_text, create_user_id, create_utc_timestamp, update_user_id, update_utc_timestamp, complaint_identifier, violation_code)
VALUES('18c29c78-6ed1-4d1c-b615-d1d3922c106e'::uuid, true, true, NULL, 'FLYWAY', '2023-06-29 22:16:16.754', 'FLYWAY', '2023-06-29 22:16:16.754', '23-006885', 'FISHERY')
ON CONFLICT DO NOTHING;
INSERT INTO allegation_complaint
(allegation_complaint_guid, in_progress_ind, observed_ind, suspect_witnesss_dtl_text, create_user_id, create_utc_timestamp, update_user_id, update_utc_timestamp, complaint_identifier, violation_code)
VALUES('528def25-91e6-4ed8-865b-369ee7ea22d6'::uuid, true, false, NULL, 'FLYWAY', '2023-06-29 22:16:16.754', 'FLYWAY', '2023-06-29 22:16:16.754', '23-006886', 'WILDLIFE')
ON CONFLICT DO NOTHING;
INSERT INTO allegation_complaint
(allegation_complaint_guid, in_progress_ind, observed_ind, suspect_witnesss_dtl_text, create_user_id, create_utc_timestamp, update_user_id, update_utc_timestamp, complaint_identifier, violation_code)
VALUES('d9e9ca05-233a-4617-9ae5-550eef219281'::uuid, true, true, NULL, 'FLYWAY', '2023-06-29 22:16:16.754', 'FLYWAY', '2023-06-29 22:16:16.754', '23-006887', 'OPENBURN')
ON CONFLICT DO NOTHING;
INSERT INTO allegation_complaint
(allegation_complaint_guid, in_progress_ind, observed_ind, suspect_witnesss_dtl_text, create_user_id, create_utc_timestamp, update_user_id, update_utc_timestamp, complaint_identifier, violation_code)
VALUES('0e1667a9-27a0-4e5a-803f-612739babf66'::uuid, true, false, NULL, 'FLYWAY', '2023-06-29 22:16:16.754', 'FLYWAY', '2023-06-29 22:16:16.754', '23-006888', 'OTHER')
ON CONFLICT DO NOTHING;
INSERT INTO allegation_complaint
(allegation_complaint_guid, in_progress_ind, observed_ind, suspect_witnesss_dtl_text, create_user_id, create_utc_timestamp, update_user_id, update_utc_timestamp, complaint_identifier, violation_code)
VALUES('4ce8b1f8-b55f-4394-9f3b-2f4ca5387caa'::uuid, false, true, NULL, 'FLYWAY', '2023-06-29 22:16:16.754', 'FLYWAY', '2023-06-29 22:16:16.754', '23-006889', 'OTHER')
ON CONFLICT DO NOTHING;
INSERT INTO allegation_complaint
(allegation_complaint_guid, in_progress_ind, observed_ind, suspect_witnesss_dtl_text, create_user_id, create_utc_timestamp, update_user_id, update_utc_timestamp, complaint_identifier, violation_code)
VALUES('7b8ecce8-eeac-4ca2-8dd9-4988e0afefa6'::uuid, false, false, NULL, 'FLYWAY', '2023-06-29 22:16:16.754', 'FLYWAY', '2023-06-29 22:16:16.754', '23-006890', 'WILDLIFE')
ON CONFLICT DO NOTHING;
INSERT INTO allegation_complaint
(allegation_complaint_guid, in_progress_ind, observed_ind, suspect_witnesss_dtl_text, create_user_id, create_utc_timestamp, update_user_id, update_utc_timestamp, complaint_identifier, violation_code)
VALUES('fda6301f-af36-4e8d-8850-72069454f858'::uuid, false, true, NULL, 'FLYWAY', '2023-06-29 22:16:16.754', 'FLYWAY', '2023-06-29 22:16:16.754', '23-006891', 'OTHER')
ON CONFLICT DO NOTHING;
INSERT INTO allegation_complaint
(allegation_complaint_guid, in_progress_ind, observed_ind, suspect_witnesss_dtl_text, create_user_id, create_utc_timestamp, update_user_id, update_utc_timestamp, complaint_identifier, violation_code)
VALUES('e2081451-5096-4068-8b60-44bda8f40b98'::uuid, false, false, NULL, 'FLYWAY', '2023-06-29 22:16:16.754', 'FLYWAY', '2023-06-29 22:16:16.754', '23-006893', 'OTHER')
ON CONFLICT DO NOTHING;
INSERT INTO allegation_complaint
(allegation_complaint_guid, in_progress_ind, observed_ind, suspect_witnesss_dtl_text, create_user_id, create_utc_timestamp, update_user_id, update_utc_timestamp, complaint_identifier, violation_code)
VALUES('6b2dfbcc-1d29-46a2-98d0-a9f7322e1c71'::uuid, true, true, 'witness text', 'chris', '2023-06-29 22:16:16.754', 'chris', '2023-06-29 22:16:16.754', 'AC-17789', 'AINVSPC')
ON CONFLICT DO NOTHING;
INSERT INTO allegation_complaint
(allegation_complaint_guid, in_progress_ind, observed_ind, suspect_witnesss_dtl_text, create_user_id, create_utc_timestamp, update_user_id, update_utc_timestamp, complaint_identifier, violation_code)
VALUES('99d96401-e594-4b92-b67b-fed47f4121a8'::uuid, false, true, 'Driver not seen clearly enough to identify. A large 3-axelled bin truck with a yellow cab, large chrome window visor with a brown roof and fenders. The license number is RF 1234. The truck was carrying a special sealed bin designed to transport and dump slaughter waste (see attached photo). Dalton Campbell, 1234 Doran Road, Cobble Hill, BC, V0R 1L5 250-743-1234', 'FLYWAY', '2023-06-29 22:16:16.754', 'FLYWAY', '2023-06-29 22:16:16.754', '23-007875', 'WASTE')
ON CONFLICT DO NOTHING;
INSERT INTO allegation_complaint
(allegation_complaint_guid, in_progress_ind, observed_ind, suspect_witnesss_dtl_text, create_user_id, create_utc_timestamp, update_user_id, update_utc_timestamp, complaint_identifier, violation_code)
VALUES('6b311c0f-90b6-46fa-9b80-077e73137e8f'::uuid, false, false, 'tester suspect witness', 'FLYWAY', '2023-06-29 22:16:16.754', 'FLYWAY', '2023-06-29 22:16:16.754', '23-007876', 'OPENBURN')
ON CONFLICT DO NOTHING;
INSERT INTO allegation_complaint
(allegation_complaint_guid, in_progress_ind, observed_ind, suspect_witnesss_dtl_text, create_user_id, create_utc_timestamp, update_user_id, update_utc_timestamp, complaint_identifier, violation_code)
VALUES('a391f3a7-26be-401e-862a-ed2d310f45e6'::uuid, false, true, NULL, 'FLYWAY', '2023-06-29 22:16:16.754', 'FLYWAY', '2023-06-29 22:16:16.754', '23-007877', 'WILDLIFE')
ON CONFLICT DO NOTHING;
INSERT INTO allegation_complaint
(allegation_complaint_guid, in_progress_ind, observed_ind, suspect_witnesss_dtl_text, create_user_id, create_utc_timestamp, update_user_id, update_utc_timestamp, complaint_identifier, violation_code)
VALUES('e8225310-c1b4-40ae-b81e-78caeea2d7e5'::uuid, true, false, NULL, 'FLYWAY', '2023-06-29 22:16:16.754', 'FLYWAY', '2023-06-29 22:16:16.754', '23-007878', 'WILDLIFE')
ON CONFLICT DO NOTHING;
INSERT INTO allegation_complaint
(allegation_complaint_guid, in_progress_ind, observed_ind, suspect_witnesss_dtl_text, create_user_id, create_utc_timestamp, update_user_id, update_utc_timestamp, complaint_identifier, violation_code)
VALUES('d3e5eab7-ab26-400e-835d-2cf5a291e221'::uuid, true, true, NULL, 'FLYWAY', '2023-06-29 22:16:16.754', 'FLYWAY', '2023-06-29 22:16:16.754', '23-007879', 'OPENBURN')
ON CONFLICT DO NOTHING;
INSERT INTO allegation_complaint
(allegation_complaint_guid, in_progress_ind, observed_ind, suspect_witnesss_dtl_text, create_user_id, create_utc_timestamp, update_user_id, update_utc_timestamp, complaint_identifier, violation_code)
VALUES('aa17c279-f1bd-463c-b9f0-0976c729c721'::uuid, true, false, NULL, 'FLYWAY', '2023-06-29 22:16:16.754', 'FLYWAY', '2023-06-29 22:16:16.754', '23-007880', 'WILDLIFE')
ON CONFLICT DO NOTHING;
INSERT INTO allegation_complaint
(allegation_complaint_guid, in_progress_ind, observed_ind, suspect_witnesss_dtl_text, create_user_id, create_utc_timestamp, update_user_id, update_utc_timestamp, complaint_identifier, violation_code)
VALUES('c6df6430-6884-403e-98a2-1147d1a3ff6f'::uuid, true, true, NULL, 'FLYWAY', '2023-06-29 22:16:16.754', 'FLYWAY', '2023-06-29 22:16:16.754', '23-007881', 'OPENBURN')
ON CONFLICT DO NOTHING;
INSERT INTO allegation_complaint
(allegation_complaint_guid, in_progress_ind, observed_ind, suspect_witnesss_dtl_text, create_user_id, create_utc_timestamp, update_user_id, update_utc_timestamp, complaint_identifier, violation_code)
VALUES('6c6a7e86-eb42-436a-be90-d2675752b286'::uuid, true, false, NULL, 'FLYWAY', '2023-06-29 22:16:16.754', 'FLYWAY', '2023-06-29 22:16:16.754', '23-007882', 'OTHER')
ON CONFLICT DO NOTHING;
INSERT INTO allegation_complaint
(allegation_complaint_guid, in_progress_ind, observed_ind, suspect_witnesss_dtl_text, create_user_id, create_utc_timestamp, update_user_id, update_utc_timestamp, complaint_identifier, violation_code)
VALUES('5ae11ac1-74b1-4df9-90ea-c7d85cf57473'::uuid, true, true, NULL, 'FLYWAY', '2023-06-29 22:16:16.754', 'FLYWAY', '2023-06-29 22:16:16.754', '23-007883', 'DUMPING')
ON CONFLICT DO NOTHING;
INSERT INTO allegation_complaint
(allegation_complaint_guid, in_progress_ind, observed_ind, suspect_witnesss_dtl_text, create_user_id, create_utc_timestamp, update_user_id, update_utc_timestamp, complaint_identifier, violation_code)
VALUES('7bb90936-76e1-491a-b336-f18304b74fac'::uuid, true, false, NULL, 'FLYWAY', '2023-06-29 22:16:16.754', 'FLYWAY', '2023-06-29 22:16:16.754', '23-007884', 'RECREATN')
ON CONFLICT DO NOTHING;
INSERT INTO allegation_complaint
(allegation_complaint_guid, in_progress_ind, observed_ind, suspect_witnesss_dtl_text, create_user_id, create_utc_timestamp, update_user_id, update_utc_timestamp, complaint_identifier, violation_code)
VALUES('dbdc6a75-f07c-4513-8656-7d735799b68c'::uuid, true, true, NULL, 'FLYWAY', '2023-06-29 22:16:16.754', 'FLYWAY', '2023-06-29 22:16:16.754', '23-007885', 'FISHERY')
ON CONFLICT DO NOTHING;
INSERT INTO allegation_complaint
(allegation_complaint_guid, in_progress_ind, observed_ind, suspect_witnesss_dtl_text, create_user_id, create_utc_timestamp, update_user_id, update_utc_timestamp, complaint_identifier, violation_code)
VALUES('5fb2a49e-50cb-433e-aa16-64c62a1864f1'::uuid, true, false, NULL, 'FLYWAY', '2023-06-29 22:16:16.754', 'FLYWAY', '2023-06-29 22:16:16.754', '23-007886', 'WILDLIFE')
ON CONFLICT DO NOTHING;
INSERT INTO allegation_complaint
(allegation_complaint_guid, in_progress_ind, observed_ind, suspect_witnesss_dtl_text, create_user_id, create_utc_timestamp, update_user_id, update_utc_timestamp, complaint_identifier, violation_code)
VALUES('9c80bcb3-ce4e-4dc4-b193-59f80c94c416'::uuid, true, true, NULL, 'FLYWAY', '2023-06-29 22:16:16.754', 'FLYWAY', '2023-06-29 22:16:16.754', '23-007887', 'OPENBURN')
ON CONFLICT DO NOTHING;
INSERT INTO allegation_complaint
(allegation_complaint_guid, in_progress_ind, observed_ind, suspect_witnesss_dtl_text, create_user_id, create_utc_timestamp, update_user_id, update_utc_timestamp, complaint_identifier, violation_code)
VALUES('5deeaa67-5c97-4b7b-893f-f0a04f493e46'::uuid, true, false, NULL, 'FLYWAY', '2023-06-29 22:16:16.754', 'FLYWAY', '2023-06-29 22:16:16.754', '23-007888', 'OTHER')
ON CONFLICT DO NOTHING;
INSERT INTO allegation_complaint
(allegation_complaint_guid, in_progress_ind, observed_ind, suspect_witnesss_dtl_text, create_user_id, create_utc_timestamp, update_user_id, update_utc_timestamp, complaint_identifier, violation_code)
VALUES('af68f1a9-4a6e-45cb-8813-14c84e684108'::uuid, false, true, NULL, 'FLYWAY', '2023-06-29 22:16:16.754', 'FLYWAY', '2023-06-29 22:16:16.754', '23-007889', 'OTHER')
ON CONFLICT DO NOTHING;
INSERT INTO allegation_complaint
(allegation_complaint_guid, in_progress_ind, observed_ind, suspect_witnesss_dtl_text, create_user_id, create_utc_timestamp, update_user_id, update_utc_timestamp, complaint_identifier, violation_code)
VALUES('0d75f5b0-1173-4c21-90aa-376557fa4e0a'::uuid, false, false, NULL, 'FLYWAY', '2023-06-29 22:16:16.754', 'FLYWAY', '2023-06-29 22:16:16.754', '23-007890', 'WILDLIFE')
ON CONFLICT DO NOTHING;
INSERT INTO allegation_complaint
(allegation_complaint_guid, in_progress_ind, observed_ind, suspect_witnesss_dtl_text, create_user_id, create_utc_timestamp, update_user_id, update_utc_timestamp, complaint_identifier, violation_code)
VALUES('45b8400a-7da8-460d-bda7-1612751cc860'::uuid, false, true, NULL, 'FLYWAY', '2023-06-29 22:16:16.754', 'FLYWAY', '2023-06-29 22:16:16.754', '23-007891', 'OTHER')
ON CONFLICT DO NOTHING;
INSERT INTO allegation_complaint
(allegation_complaint_guid, in_progress_ind, observed_ind, suspect_witnesss_dtl_text, create_user_id, create_utc_timestamp, update_user_id, update_utc_timestamp, complaint_identifier, violation_code)
VALUES('e8f4918d-dc90-4b64-a81e-53971a1bb0b3'::uuid, false, false, NULL, 'FLYWAY', '2023-06-29 22:16:16.754', 'FLYWAY', '2023-06-29 22:16:16.754', '23-007892', 'OTHER')
ON CONFLICT DO NOTHING;


-------------------------
-- INSERT attractant_hwcr_xref records
-------------------------

INSERT INTO attractant_hwcr_xref
(attractant_hwcr_xref_guid, attractant_code, hwcr_complaint_guid, create_user_id, create_utc_timestamp, update_user_id, update_utc_timestamp)
VALUES('35050109-8d59-4b7a-9ed4-1b88575feb08'::uuid, 'GARBAGE', 'a4d0f312-5b2c-45e7-9c6c-d392c8ea1e7f'::uuid, 'POSTMAN', '2023-06-05 18:45:55.155', 'POSTMAN', '2023-06-05 18:45:55.155')
ON CONFLICT DO NOTHING;
INSERT INTO attractant_hwcr_xref
(attractant_hwcr_xref_guid, attractant_code, hwcr_complaint_guid, create_user_id, create_utc_timestamp, update_user_id, update_utc_timestamp)
VALUES('0ec845a6-a580-4af1-b191-026fe97f3b86'::uuid, 'FREEZER', 'a4d0f312-5b2c-45e7-9c6c-d392c8ea1e7f'::uuid, 'POSTMAN', '2023-06-05 18:45:55.155', 'POSTMAN', '2023-06-05 18:45:55.155')
ON CONFLICT DO NOTHING;
INSERT INTO attractant_hwcr_xref
(attractant_hwcr_xref_guid, attractant_code, hwcr_complaint_guid, create_user_id, create_utc_timestamp, update_user_id, update_utc_timestamp)
VALUES('51490fed-0d03-4c38-9528-0615efb1e2df'::uuid, 'COMPOST', 'a4d0f312-5b2c-45e7-9c6c-d392c8ea1e7f'::uuid, 'POSTMAN', '2023-06-05 18:45:55.155', 'POSTMAN', '2023-06-05 18:45:55.155')
ON CONFLICT DO NOTHING;
INSERT INTO attractant_hwcr_xref
(attractant_hwcr_xref_guid, attractant_code, hwcr_complaint_guid, create_user_id, create_utc_timestamp, update_user_id, update_utc_timestamp)
VALUES('f387647b-a2a8-407f-9335-1c56802233e4'::uuid, 'GARBAGE', '4af9be4a-ab1a-4742-bc70-395d9fb62894'::uuid, 'POSTMAN', '2023-06-05 18:45:56.136', 'POSTMAN', '2023-06-05 18:45:56.136')
ON CONFLICT DO NOTHING;
INSERT INTO attractant_hwcr_xref
(attractant_hwcr_xref_guid, attractant_code, hwcr_complaint_guid, create_user_id, create_utc_timestamp, update_user_id, update_utc_timestamp)
VALUES('4a2ad507-dbdc-4898-9841-6089f62ef3cf'::uuid, 'BBQ', '05cb2926-16ad-4526-8bb0-24b0e40b8d64'::uuid, 'POSTMAN', '2023-06-05 18:45:56.483', 'POSTMAN', '2023-06-05 18:45:56.483')
ON CONFLICT DO NOTHING;
INSERT INTO attractant_hwcr_xref
(attractant_hwcr_xref_guid, attractant_code, hwcr_complaint_guid, create_user_id, create_utc_timestamp, update_user_id, update_utc_timestamp)
VALUES('a59965ad-f60e-4199-ba66-b3aba2eee7b9'::uuid, 'BBQ', 'd6448826-6442-4fbc-bad7-8725432b52b0'::uuid, 'POSTMAN', '2023-06-05 18:45:56.698', 'POSTMAN', '2023-06-05 18:45:56.698')
ON CONFLICT DO NOTHING;
INSERT INTO attractant_hwcr_xref
(attractant_hwcr_xref_guid, attractant_code, hwcr_complaint_guid, create_user_id, create_utc_timestamp, update_user_id, update_utc_timestamp)
VALUES('da00a0e2-f89c-4db4-9af0-e787c568865f'::uuid, 'PETS', 'd6448826-6442-4fbc-bad7-8725432b52b0'::uuid, 'POSTMAN', '2023-06-05 18:45:56.698', 'POSTMAN', '2023-06-05 18:45:56.698')
ON CONFLICT DO NOTHING;
INSERT INTO attractant_hwcr_xref
(attractant_hwcr_xref_guid, attractant_code, hwcr_complaint_guid, create_user_id, create_utc_timestamp, update_user_id, update_utc_timestamp)
VALUES('7e537341-169a-4dc8-a7ad-a6ef72102864'::uuid, 'BEEHIVE', 'd6448826-6442-4fbc-bad7-8725432b52b0'::uuid, 'POSTMAN', '2023-06-05 18:45:56.698', 'POSTMAN', '2023-06-05 18:45:56.698')
ON CONFLICT DO NOTHING;
INSERT INTO attractant_hwcr_xref
(attractant_hwcr_xref_guid, attractant_code, hwcr_complaint_guid, create_user_id, create_utc_timestamp, update_user_id, update_utc_timestamp)
VALUES('60e88f15-0af8-4433-a49d-16317eb6f8e4'::uuid, 'GARBAGE', '2854ed44-d7f2-402e-927f-57e54f6da876'::uuid, 'POSTMAN', '2023-06-23 18:29:53.173', 'POSTMAN', '2023-06-23 18:29:53.173')
ON CONFLICT DO NOTHING;
INSERT INTO attractant_hwcr_xref
(attractant_hwcr_xref_guid, attractant_code, hwcr_complaint_guid, create_user_id, create_utc_timestamp, update_user_id, update_utc_timestamp)
VALUES('d018b969-ffd3-433b-a36c-752636b7a5f7'::uuid, 'FREEZER', '2854ed44-d7f2-402e-927f-57e54f6da876'::uuid, 'POSTMAN', '2023-06-23 18:29:53.173', 'POSTMAN', '2023-06-23 18:29:53.173')
ON CONFLICT DO NOTHING;
INSERT INTO attractant_hwcr_xref
(attractant_hwcr_xref_guid, attractant_code, hwcr_complaint_guid, create_user_id, create_utc_timestamp, update_user_id, update_utc_timestamp)
VALUES('0bc297e8-ed44-4b68-a801-50d11973d82d'::uuid, 'COMPOST', '2854ed44-d7f2-402e-927f-57e54f6da876'::uuid, 'POSTMAN', '2023-06-23 18:29:53.173', 'POSTMAN', '2023-06-23 18:29:53.173')
ON CONFLICT DO NOTHING;
INSERT INTO attractant_hwcr_xref
(attractant_hwcr_xref_guid, attractant_code, hwcr_complaint_guid, create_user_id, create_utc_timestamp, update_user_id, update_utc_timestamp)
VALUES('efe3fc4f-9617-44b1-b83b-6ac6942a2b28'::uuid, 'OTHER', 'cfa89ef0-ba61-4d86-b0c2-99d348bbdef4'::uuid, 'POSTMAN', '2023-06-23 18:29:53.437', 'POSTMAN', '2023-06-23 18:29:53.437')
ON CONFLICT DO NOTHING;
INSERT INTO attractant_hwcr_xref
(attractant_hwcr_xref_guid, attractant_code, hwcr_complaint_guid, create_user_id, create_utc_timestamp, update_user_id, update_utc_timestamp)
VALUES('571e1580-1731-4dda-9d49-219145638bd7'::uuid, 'GARBAGE', 'e8523a29-3ae4-4371-91cb-bcefd00ce4a4'::uuid, 'POSTMAN', '2023-06-23 18:29:54.025', 'POSTMAN', '2023-06-23 18:29:54.025')
ON CONFLICT DO NOTHING;
INSERT INTO attractant_hwcr_xref
(attractant_hwcr_xref_guid, attractant_code, hwcr_complaint_guid, create_user_id, create_utc_timestamp, update_user_id, update_utc_timestamp)
VALUES('4ccecc0c-c96c-495c-9368-10724ae321b9'::uuid, 'BBQ', '9efc69f9-54c1-4df9-8bee-b1c601786728'::uuid, 'POSTMAN', '2023-06-23 18:29:54.451', 'POSTMAN', '2023-06-23 18:29:54.451')
ON CONFLICT DO NOTHING;
INSERT INTO attractant_hwcr_xref
(attractant_hwcr_xref_guid, attractant_code, hwcr_complaint_guid, create_user_id, create_utc_timestamp, update_user_id, update_utc_timestamp)
VALUES('b6b6ac3d-e188-4696-ac8a-816253d94088'::uuid, 'BBQ', 'ae6e0dc4-b960-4b37-9dc9-ce303733a69d'::uuid, 'POSTMAN', '2023-06-23 18:29:54.748', 'POSTMAN', '2023-06-23 18:29:54.748')
ON CONFLICT DO NOTHING;
INSERT INTO attractant_hwcr_xref
(attractant_hwcr_xref_guid, attractant_code, hwcr_complaint_guid, create_user_id, create_utc_timestamp, update_user_id, update_utc_timestamp)
VALUES('b271ac24-07b2-4d33-828e-1f08bafae90b'::uuid, 'PETS', 'ae6e0dc4-b960-4b37-9dc9-ce303733a69d'::uuid, 'POSTMAN', '2023-06-23 18:29:54.748', 'POSTMAN', '2023-06-23 18:29:54.748')
ON CONFLICT DO NOTHING;
INSERT INTO attractant_hwcr_xref
(attractant_hwcr_xref_guid, attractant_code, hwcr_complaint_guid, create_user_id, create_utc_timestamp, update_user_id, update_utc_timestamp)
VALUES('dbf30df9-0b2d-444d-bafa-051f36715710'::uuid, 'BEEHIVE', 'ae6e0dc4-b960-4b37-9dc9-ce303733a69d'::uuid, 'POSTMAN', '2023-06-23 18:29:54.748', 'POSTMAN', '2023-06-23 18:29:54.748')
ON CONFLICT DO NOTHING;

-- set user VYates's office to Prince George
update officer o 
set office_guid = '3f474308-68da-450a-b1ab-fb8a5b7a27ce'
where officer_guid = '3eac2028-9e13-4a7f-af07-f0b8264f32c4';

-- assign more officers to Prince George
update officer o 
set office_guid = '3f474308-68da-450a-b1ab-fb8a5b7a27ce'
where officer_guid = '6f3e52b6-97aa-457d-999e-e36392e2eadd';

update officer o 
set office_guid = '3f474308-68da-450a-b1ab-fb8a5b7a27ce'
where officer_guid = '3cd1512d-53db-4cce-82d8-71e57de735df';

-- assign more officers to Mkenzie
update officer o 
set office_guid = '3a4e8fc8-db72-4f02-b5ee-1f257c74a635'
where officer_guid = 'c325ec8f-98d6-4720-a339-bf08f21eeb64';

update officer o 
set office_guid = '3a4e8fc8-db72-4f02-b5ee-1f257c74a635'
where officer_guid = 'b5053585-cd8e-4392-b0a7-bc9d6ba7a1cd';

update officer o 
set office_guid = '3a4e8fc8-db72-4f02-b5ee-1f257c74a635'
where officer_guid = '7c4ad99d-0518-4a83-b12d-984d7c25beeb';


-- set user HOLSONs office to Vanderhoof
update officer o 
set office_guid = '5128179c-f622-499b-b8e5-b39199081f22'
where officer_guid = '7fe1cc4e-fc73-412e-9c0e-3f3fec364aac';

-- assign some officers to Vanderhoof office
update officer o 
set office_guid = '5128179c-f622-499b-b8e5-b39199081f22'
where officer_guid = '041430a7-d485-42a9-bda6-7e96b5b71fb3';

update officer o 
set office_guid = '5128179c-f622-499b-b8e5-b39199081f22'
where officer_guid = 'eb27498b-4d7f-4873-98ce-4ddafa65c4b7';

-- assign some officers to Burns Lake office
update officer o 
set office_guid = 'ee09bf4d-e5a1-4fb8-9012-c192692dd1bd'
where officer_guid = 'af70aeb7-2a6b-45a6-b722-926ebec005b5';

update officer o 
set office_guid = 'ee09bf4d-e5a1-4fb8-9012-c192692dd1bd'
where officer_guid = 'a90768f2-ba0e-4786-a68d-1f8b80368e9f';

-- Assign Neil to Prince George
update officer o 
set office_guid = '3f474308-68da-450a-b1ab-fb8a5b7a27ce'
where officer_guid = 'efcbaae4-505b-4db3-b036-7ec8b8dd8c6d';

-- Assign Barrett to Vanderhoof
update officer o 
set office_guid = '5128179c-f622-499b-b8e5-b39199081f22'
where officer_guid = '54892583-7013-48f5-87c8-90c19f95b395';




-- add complaints
INSERT INTO complaint (complaint_identifier,detail_text,caller_name,caller_address,caller_email,caller_phone_1,caller_phone_2,caller_phone_3,location_summary_text,location_detailed_text,incident_utc_datetime,incident_reported_utc_timestmp,reported_by_other_text,create_user_id,create_utc_timestamp,update_user_id,update_utc_timestamp,reported_by_code,owned_by_agency_code,complaint_status_code,geo_organization_unit_code,location_geometry_point) VALUES
	 ('23-007000','RCMP relaying a report of a deer stuck in the COM’s tree. Deer’s hoof is caught in the V, deer is dangling upside down – believe shoulder is dislocated. LVM Sgt Melenka Briefed CO Krenz','Dorothy Ann','435 Fake St','test@gmail.com',NULL,NULL,NULL,NULL,'detailed text 4','2022-12-23 08:57:00','2023-01-10 09:12:00',NULL,'FLYWAY','2023-07-26 19:25:34.66322','FLYWAY','2023-07-26 19:25:34.66322','BCWF','COS','OPEN','ALZLK','SRID=4326;POINT (0 0)'),
	 ('23-007001','Calling to report a black bear that comes through the area at night. It has been getting into garbages that have been left unsecured. Hoping a CO can come round to advise neighbour''s that they need to get their garbages locked up.','Annonymous','433 Fake St',NULL,NULL,NULL,NULL,'373 Front Street','detailed text 2','2022-12-27 09:03:00','2023-01-08 09:12:00',NULL,'FLYWAY','2023-07-26 19:25:34.66322','FLYWAY','2023-07-26 19:25:34.66322',NULL,'COS','OPEN','BDNSTLK','SRID=4326;POINT (0 0)'),
	 ('23-007002','Calling to report a young deer, looked to be struggling to stand and walk but still mobile. Possibly hit by a car.',NULL,'432 Fake St',NULL,NULL,NULL,NULL,'Kanaka Station Rd','detailed text 1','2022-12-29 09:06:00','2023-01-07 09:12:00',NULL,'FLYWAY','2023-07-26 19:25:34.66322','FLYWAY','2023-07-26 19:25:34.66322',NULL,'COS','OPEN','CLUCLZLK','SRID=4326;POINT (0 0)'),
	 ('23-007003','COM reporting she saw a bobcat when checking on her property 2 days ago.','Joanne Jackson','1234 Merritt Avenue',NULL,'250-315-1234',NULL,NULL,'unit 8 1226 McMillan Rd, Merritt, BC',NULL,'2022-12-31 09:09:00','2023-01-06 09:12:00',NULL,'FLYWAY','2023-07-26 19:25:34.66322','FLYWAY','2023-07-26 19:25:34.66322',NULL,'COS','OPEN','DOMECRK','SRID=4326;POINT (-120.7893375 50.1035589)'),
	 ('23-007004','There is an elk with a large chunk of meat missing from its side with hide hanging. The elk has been around for 2-3 days.','Daren Douglas','1234  Oak Bay Avenue','daren@shaw.ca','403-559-1234',NULL,NULL,'1990 Oak Bay Avenue',NULL,'2023-01-02 09:12:00','2023-01-05 09:12:00','Victoria Golf Club','FLYWAY','2023-07-26 19:25:34.66322','FLYWAY','2023-07-26 19:25:34.66322','OTHER','COS','OPEN','HANSARDU','SRID=4326;POINT (0 0)'),
	 ('23-007005','Calling to report a black bear getting into the garbage on a regular basis. Also wanted to confirm that residents of the trailer home park could call to report sightings themselves','Phoebe','437 Fake St','tester@gmail.com','250-556-1234',NULL,NULL,'644 Pine Street',NULL,'2022-12-19 08:51:00','2023-01-12 09:12:00',NULL,'FLYWAY','2023-07-26 19:25:34.66322','FLYWAY','2023-07-26 19:25:34.66322','COS','COS','OPEN','BDNSTLK','SRID=4326;POINT (0 0)'),
	 ('23-007006','test2','Chris','1264 Disco Rd.','test@test.ca','(250)-555-3425','(250)-555-3425','(250)-555-3425',NULL,'detail_text','2023-02-22 00:00:00','2023-02-22 00:00:00','other text','FLYWAY','2023-07-26 19:25:34.66322','FLYWAY','2023-07-26 19:25:34.66322',NULL,'COS','OPEN','FINMORE','SRID=4326;POINT (-127.4810142 50.4217838)'),
	 ('23-007007','COM was walking their dog near Douglas park – observed a cougar near Heather st. Cougar fled COM, deeper into bushes  LVM CO Ford Briefed Sgt Gravel','Wanda','434 Fake St',NULL,'250-554-1234','250-554-1235','250-554-1236','Keats Campground','detailed text 3','2022-12-25 09:00:00','2023-01-09 09:12:00',NULL,'FLYWAY','2023-07-26 19:25:34.66322','FLYWAY','2023-07-26 19:25:34.66322',NULL,'COS','OPEN','GISCOME','SRID=4326;POINT (0 0)'),
	 ('23-007008','Caller reporting a young deer that has an injured back leg. Caller said it has a bent back leg and it using some weight on it.','Arnold','438 Fake St',NULL,NULL,NULL,NULL,'3087 Hammond Bay Road',NULL,'2022-12-17 08:48:00','2023-01-13 09:12:00',NULL,'FLYWAY','2023-07-26 19:25:34.66322','FLYWAY','2023-07-26 19:25:34.66322','DFO','COS','OPEN','CLUCLZLK','SRID=4326;POINT (0 0)'),
	 ('23-007009','On Mar 30, 2023 at 1245 hrs I observed Lean Bean Miller''s truck (see photo) hauling a load of poultry slaughter waste along Doran Rd heading north to Hillbank Rd. I have followed this truck in past from the Island Farmhouse Poultry facility to 4035 Hillbank Road and can attest that this is the route this truck takes to dump its loads of slaughter waste. Last month both Island Farmhouse Poultry Ltd. and GT Farms were told by the Ministry to ''Immediately cease disposing of any processing waste that comes from poultry not reared, kept or slaughtered at Miller properties.'' The most recent Ministry Inspection reports, UA202814 and AG144737, both stated that this unauthorized waste disposal must be ceased immediately. Its time for the Ministry to involve the Conservation Officer Service and to start taking regulations enforcement seriously. ','Dalton Campbell','1234 Doran Road, Cobble Hill, BC V0R 1L5 ','dalton.campbell@shaw.ca','250-743-1331',NULL,NULL,'3550 Watson Ave','In a Van down by the River','2023-03-29 07:24:00','2023-03-29 07:24:00','Caller','FLYWAY','2023-07-26 19:25:34.66322','FLYWAY','2023-07-26 19:25:34.66322','OTHER','COS','OPEN','HANSARDU','SRID=4326;POINT (-127.4810142 50.4217838)')
     ON CONFLICT DO NOTHING;
	 
INSERT INTO complaint (complaint_identifier,detail_text,caller_name,caller_address,caller_email,caller_phone_1,caller_phone_2,caller_phone_3,location_summary_text,location_detailed_text,incident_utc_datetime,incident_reported_utc_timestmp,reported_by_other_text,create_user_id,create_utc_timestamp,update_user_id,update_utc_timestamp,reported_by_code,owned_by_agency_code,complaint_status_code,geo_organization_unit_code,location_geometry_point) VALUES
	 ('23-007010','Caller reported seeing glowing green eyes from the creek. Caller heard growling when came something came up on his deck.  The neighbor''s put garbage on his deck while he was in the hospital. There were two glowing green eyes.','Mikey','445 Fake St',NULL,NULL,NULL,NULL,'7579 6 St',NULL,'2023-04-30 08:18:00','2023-01-20 09:12:00',NULL,'FLYWAY','2023-07-26 19:25:34.66322','FLYWAY','2023-07-26 19:25:34.66322',NULL,'COS','OPEN','EFRANCLK','SRID=4326;POINT (0 0)'),
	 ('23-007011','Gate house. Mine site. Might need to be dispatched and they do not have that capability on site. Caller reporting it can not move and there is coyotes trying to eat it.','Liz','443 Fake St',NULL,NULL,NULL,NULL,'7581 6 St',NULL,'2023-05-02 08:18:00','2023-01-18 09:12:00',NULL,'FLYWAY','2023-07-26 19:25:34.66322','FLYWAY','2023-07-26 19:25:34.66322',NULL,'COS','OPEN','EFRANCLK','SRID=4326;POINT (0 0)'),
	 ('23-007012','Caller reported a cougar that has been coming for their garbage for the past month.','Tim','440 Fake St',NULL,'250-555-1234',NULL,NULL,'194 Church Ave',NULL,'2023-04-05 08:18:00','2023-01-15 09:12:00',NULL,'FLYWAY','2023-07-26 19:25:34.66322','FLYWAY','2023-07-26 19:25:34.66322','CEB','COS','OPEN','ENDAKO','SRID=4326;POINT (0 0)'),
	 ('23-007013','A Moose is stuck in the river outfall pond – exhausted and stuck in the pond muck. No colour codes, COs called in order: Briefed CO Adams','Carlos','439 Fake St',NULL,NULL,NULL,NULL,'196 Church Ave',NULL,'2023-04-06 08:18:00','2023-01-14 09:12:00',NULL,'FLYWAY','2023-07-26 19:25:34.66322','FLYWAY','2023-07-26 19:25:34.66322','EPO','COS','OPEN','DECKERLK','SRID=4326;POINT (0 0)'),
	 ('23-007014','Caller reporting a young deer that has an injured back leg. Caller said it has a bent back leg and it using some weight on it.','Arnold','438 Fake St',NULL,NULL,NULL,NULL,'198 Church Ave',NULL,'2023-04-07 08:18:00','2023-01-13 09:12:00',NULL,'FLYWAY','2023-07-26 19:25:34.66322','FLYWAY','2023-07-26 19:25:34.66322','DFO','COS','OPEN','PENDLTNB','SRID=4326;POINT (0 0)'),
	 ('23-007015','RCMP relaying a report: COM has locked themselves and their dog in the trail bathroom – believe they were pursued by three wolves. Advised one officer en route from penticton LVM CO Cox Briefed CO Van Damme','Keisha','436 Fake St',NULL,NULL,NULL,NULL,'3029 Spruce Dr','detailed text 5','2023-04-09 08:18:00','2023-01-11 09:12:00','test text','FLYWAY','2023-07-26 19:25:34.66322','FLYWAY','2023-07-26 19:25:34.66322','BYLAW','COS','OPEN','GLENANNA','SRID=4326;POINT (0 0)'),
	 ('23-007016','RCMP relaying a report of a deer stuck in the COM’s tree. Deer’s hoof is caught in the V, deer is dangling upside down – believe shoulder is dislocated. LVM Sgt Melenka Briefed CO Krenz','Dorothy Ann','435 Fake St','test@gmail.com',NULL,NULL,NULL,'3029 Spruce Dr','detailed text 4','2023-04-10 10:18:00','2023-01-10 09:12:00',NULL,'FLYWAY','2023-07-26 19:25:34.66322','FLYWAY','2023-07-26 19:25:34.66322','BCWF','COS','OPEN','NORALEE','SRID=4326;POINT (0 0)'),
	 ('23-007017','Calling to report a black bear getting into the garbage on a regular basis. Also wanted to confirm that residents of the trailer home park could call to report sightings themselves','Phoebe','437 Fake St','tester@gmail.com','250-556-1234',NULL,NULL,'3029 Spruce Dr',NULL,'2023-04-08 08:18:00','2023-01-12 09:12:00',NULL,'FLYWAY','2023-07-26 19:25:34.66322','FLYWAY','2023-07-26 19:25:34.66322','COS','COS','OPEN','GLENANNA','SRID=4326;POINT (0 0)'),
	 ('23-007018','Caller has had three cougars coming under their sun deck for the past week. They come along the beach. Last sighting was about 06:30 DEC 31.','Valerie','442 Fake St',NULL,NULL,NULL,NULL,'7581 6 St',NULL,'2023-05-03 08:18:00','2023-01-17 09:12:00',NULL,'FLYWAY','2023-07-26 19:25:34.66322','FLYWAY','2023-07-26 19:25:34.66322','OTHER','COS','OPEN','NORALEE','SRID=4326;POINT (0 0)'),
	 ('23-007019','There is a deer with a large chunk of meat missing from its side with hide hanging.  The deer has been around for 2-3 days.','Daren Douglas','1234  Test Avenue','daren@shaw.ca','403-559-1234',NULL,NULL,'6173 Wilson Rd',NULL,'2023-04-15 10:18:00','2023-01-05 09:12:00','Victoria Golf Club','FLYWAY','2023-07-26 19:25:34.66322','FLYWAY','2023-07-26 19:25:34.66322','OTHER','COS','OPEN','PENDLTNB','SRID=4326;POINT (0 0)')
     ON CONFLICT DO NOTHING;

INSERT INTO complaint
(complaint_identifier, detail_text, caller_name, caller_address, caller_email, caller_phone_1, caller_phone_2, caller_phone_3, location_summary_text, location_detailed_text, incident_utc_datetime, incident_reported_utc_timestmp, reported_by_other_text, create_user_id,  create_utc_timestamp, update_user_id,  update_utc_timestamp, reported_by_code, owned_by_agency_code, complaint_status_code, geo_organization_unit_code, location_geometry_point)
VALUES('23-007020', 'Email RAPP Report 3rd report to RAPP by Bylaw Services regarding the feeding and placement of wildlife attractants ( raw meat) on their back deck railing. Public concerns reported in September 21,2022, December 20,2022 March 25,2023. Officer visited the restaurant in September 2022, saw the bits of meat debris left and the crows circling the railing and a lot of animal attractants such as improper grease disposal (an open bucket on his deck) grease rags hanging from his railing. We notified owner he cannot do that as it is a wildlife violation both a Bylaw and a Wildlife Act . Public report in December occurred during our holiday hours so no staff was available to address. March 25th 2023 report from member of the public with photos again of the crows sitting all over the back railing eating the raw meat he leaves out. Public reports he throws meat off his deck for the wildlife ( that we cannot confirm). He has received a warning from us and now a MTI of 50$ is being issued regarding infraction. Requesting assistance in regard to infraction of Wildlife Act and failure to comply in spite previous warning. ', 'Alec', '127 fake st', NULL, '555-555-5557', NULL, NULL, NULL, NULL, '2023-04-03 07:24:00.000', '2023-04-02 07:24:00.000', NULL, 'FLYWAY','2023-06-29 22:16:16.754', 'FLYWAY','2023-06-29 22:16:16.754', NULL, 'COS', 'OPEN', 'RSLK150MLH', 'SRID=4326;POINT (0 0)'::geometry)
ON CONFLICT DO NOTHING;
INSERT INTO complaint
(complaint_identifier, detail_text, caller_name, caller_address, caller_email, caller_phone_1, caller_phone_2, caller_phone_3, location_summary_text, location_detailed_text, incident_utc_datetime, incident_reported_utc_timestmp, reported_by_other_text, create_user_id,  create_utc_timestamp, update_user_id,  update_utc_timestamp, reported_by_code, owned_by_agency_code, complaint_status_code, geo_organization_unit_code, location_geometry_point)
VALUES('23-007021', 'Calling to report the neighbourhood has a lot of smoke, thinks a neighbour was burning earlier today.', 'Mike', '128 fake st', NULL, '555-555-5558', '555-555-5568', '555-555-6568', NULL, NULL, '2023-04-04 07:24:00.000', '2023-04-03 07:24:00.000', NULL, 'FLYWAY','2023-06-29 22:16:16.754', 'FLYWAY','2023-06-29 22:16:16.754', NULL, 'COS', 'OPEN', 'RSLK150MLH', 'SRID=4326;POINT (0 0)'::geometry)
ON CONFLICT DO NOTHING;
INSERT INTO complaint
(complaint_identifier, detail_text, caller_name, caller_address, caller_email, caller_phone_1, caller_phone_2, caller_phone_3, location_summary_text, location_detailed_text, incident_utc_datetime, incident_reported_utc_timestmp, reported_by_other_text, create_user_id,  create_utc_timestamp, update_user_id,  update_utc_timestamp, reported_by_code, owned_by_agency_code, complaint_status_code, geo_organization_unit_code, location_geometry_point)
VALUES('23-007022', 'Calling to report that a moose was hit by a car this morning and was in the ditch but tonight the moose is missing it''s head. The rest of the body is still present.', 'Barrett', '129 fake st', NULL, '555-555-5559', NULL, NULL, '5807 crystal Rd', 'tester call description3', '2023-04-05 07:24:00.000', '2023-04-04 07:24:00.000', NULL, 'FLYWAY','2023-06-29 22:16:16.754', 'FLYWAY','2023-06-29 22:16:16.754', NULL, 'COS', 'OPEN', 'RSLK150MLH', 'SRID=4326;POINT (0 0)'::geometry)
ON CONFLICT DO NOTHING;
INSERT INTO complaint
(complaint_identifier, detail_text, caller_name, caller_address, caller_email, caller_phone_1, caller_phone_2, caller_phone_3, location_summary_text, location_detailed_text, incident_utc_datetime, incident_reported_utc_timestmp, reported_by_other_text, create_user_id,  create_utc_timestamp, update_user_id,  update_utc_timestamp, reported_by_code, owned_by_agency_code, complaint_status_code, geo_organization_unit_code, location_geometry_point)
VALUES('23-007023', 'Caller reporting plastic garbage dumped in the shallows of Lake near the mouth of the creek When caller picked up plastics she saw a small amount of paint spill from the bag. The water is fish baring and caller can see a little cloud of material. Caller does not know how much pain was originally in the plastic bag. Caller threw out the garbage but took a picture.', 'Chris', '130 fake st', NULL, '555-555-5560', '555-555-5568', NULL, '5807 crystal Rd', NULL, '2023-04-06 07:24:00.000', '2023-04-05 07:24:00.000', NULL, 'FLYWAY','2023-06-29 22:16:16.754', 'FLYWAY','2023-06-29 22:16:16.754', NULL, 'COS', 'OPEN', 'RSLK150MLH', 'SRID=4326;POINT (-127.4810142 50.4217838)'::geometry)
ON CONFLICT DO NOTHING;
INSERT INTO complaint
(complaint_identifier, detail_text, caller_name, caller_address, caller_email, caller_phone_1, caller_phone_2, caller_phone_3, location_summary_text, location_detailed_text, incident_utc_datetime, incident_reported_utc_timestmp, reported_by_other_text, create_user_id,  create_utc_timestamp, update_user_id,  update_utc_timestamp, reported_by_code, owned_by_agency_code, complaint_status_code, geo_organization_unit_code, location_geometry_point)
VALUES('23-007024', 'RCMP reported an injured cow elk. West Bound lane, on the snow bank by the road. Original caller believes it will die of it''s injuries, but it''s still trying to get up. OC: Caroline, 778-586-1237', NULL, '447 Fake St', NULL, NULL, NULL, NULL, 'Kalum Lake Rd', NULL, '2022-11-29 08:21:00.000', '2023-01-22 09:12:00.000', NULL, 'FLYWAY','2023-06-29 22:16:16.754', 'FLYWAY','2023-06-29 22:16:16.754', NULL, 'COS', 'OPEN', 'RSLK150MLH', 'SRID=4326;POINT (0 0)'::geometry)
ON CONFLICT DO NOTHING;
INSERT INTO complaint
(complaint_identifier, detail_text, caller_name, caller_address, caller_email, caller_phone_1, caller_phone_2, caller_phone_3, location_summary_text, location_detailed_text, incident_utc_datetime, incident_reported_utc_timestmp, reported_by_other_text, create_user_id,  create_utc_timestamp, update_user_id,  update_utc_timestamp, reported_by_code, owned_by_agency_code, complaint_status_code, geo_organization_unit_code, location_geometry_point)
VALUES('23-007025', 'Caller reporting potential dumping of skidder loader tires. Caller advised that a guy showed up to dump some tires and was upset at the price and told the caller he would dump them over the road embankment. Caller advised last seen at location noted below.', 'Anurupa', '131 fake st', NULL, '555-555-5561', NULL, NULL, 'Cariboo Dr', 'tester call description 4', '2023-04-07 07:24:00.000', '2023-04-06 07:24:00.000', NULL, 'FLYWAY','2023-06-29 22:16:16.754', 'FLYWAY','2023-06-29 22:16:16.754', NULL, 'COS', 'OPEN', 'FTSTJAME', 'SRID=4326;POINT (0 0)'::geometry)
ON CONFLICT DO NOTHING;
INSERT INTO complaint
(complaint_identifier, detail_text, caller_name, caller_address, caller_email, caller_phone_1, caller_phone_2, caller_phone_3, location_summary_text, location_detailed_text, incident_utc_datetime, incident_reported_utc_timestmp, reported_by_other_text, create_user_id,  create_utc_timestamp, update_user_id,  update_utc_timestamp, reported_by_code, owned_by_agency_code, complaint_status_code, geo_organization_unit_code, location_geometry_point)
VALUES('23-007026', 'Email RAPP Report ongoing setting up nets along the lakes and waterways setting up nets that can trap and injure the wildlife in the area visible from the roads and pathways', 'Harry', '132 fake st', NULL, '555-555-5562', NULL, NULL, '1Km up main peak trail', 'tester call description5', '2023-04-08 07:24:00.000', '2023-04-07 07:24:00.000', NULL, 'FLYWAY','2023-06-29 22:16:16.754', 'FLYWAY','2023-06-29 22:16:16.754', NULL, 'COS', 'OPEN', 'FTSTJAME', 'SRID=4326;POINT (0 0)'::geometry)
ON CONFLICT DO NOTHING;
INSERT INTO complaint
(complaint_identifier, detail_text, caller_name, caller_address, caller_email, caller_phone_1, caller_phone_2, caller_phone_3, location_summary_text, location_detailed_text, incident_utc_datetime, incident_reported_utc_timestmp, reported_by_other_text, create_user_id,  create_utc_timestamp, update_user_id,  update_utc_timestamp, reported_by_code, owned_by_agency_code, complaint_status_code, geo_organization_unit_code, location_geometry_point)
VALUES('23-007027', 'Email RAPP Report  The City received a report/video from a resident showing the company Leafy Landscaping removing a red maple boulevard tree with a nest of a songbird (species undetermined) during the bird nesting window. Video of tree with nest being removed, pictures of the contractor vehicle and contact info for KCR Industrial can be provided if needed. ', 'Vita', '133 fake st', NULL, '555-555-5563', '555-555-5568', '555-555-7568', 'Cariboo Dr', 'tester call description 6', '2023-04-09 07:24:00.000', '2023-04-08 07:24:00.000', NULL, 'FLYWAY','2023-06-29 22:16:16.754', 'FLYWAY','2023-06-29 22:16:16.754', NULL, 'COS', 'OPEN', 'FTSTJAME', 'SRID=4326;POINT (0 0)'::geometry)
ON CONFLICT DO NOTHING;
INSERT INTO complaint
(complaint_identifier, detail_text, caller_name, caller_address, caller_email, caller_phone_1, caller_phone_2, caller_phone_3, location_summary_text, location_detailed_text, incident_utc_datetime, incident_reported_utc_timestmp, reported_by_other_text, create_user_id,  create_utc_timestamp, update_user_id,  update_utc_timestamp, reported_by_code, owned_by_agency_code, complaint_status_code, geo_organization_unit_code, location_geometry_point)
VALUES('23-007028', 'Caller reporting a dumping site off the side of Hwy 3, going toward Cranbrook. It is a large clearing with a burnt trailer, old couches and other junk and trash. Caller already spoke to CO and provided pictures. ', 'Tobe', '134 fake st', NULL, '555-555-5564', NULL, NULL, NULL, 'tester call description 7', '2023-04-10 07:24:00.000', '2023-04-09 07:24:00.000', 'test1', 'FLYWAY','2023-06-29 22:16:16.754', 'FLYWAY','2023-06-29 22:16:16.754', 'BCWF', 'COS', 'OPEN', 'FTSTJAME', 'SRID=4326;POINT (0 0)'::geometry)
ON CONFLICT DO NOTHING;
INSERT INTO complaint
(complaint_identifier, detail_text, caller_name, caller_address, caller_email, caller_phone_1, caller_phone_2, caller_phone_3, location_summary_text, location_detailed_text, incident_utc_datetime, incident_reported_utc_timestmp, reported_by_other_text, create_user_id,  create_utc_timestamp, update_user_id,  update_utc_timestamp, reported_by_code, owned_by_agency_code, complaint_status_code, geo_organization_unit_code, location_geometry_point)
VALUES('23-007029', 'Caller was involved in an altercation yesterday with a person who was exceeding the Callers understanding of the limit.  SUBs were attempting to catch 5 fish, of each type, each person (total 20.) SUBs male and their wife. Caller requesting CO clarification regarding fish quotas for region 3 Caller has contacted front counter BC, who referred the answer to COS.', 'Kelsey', '135 fake st', NULL, '555-555-5565', NULL, NULL, 'Cariboo Dr', 'tester call description 8', '2023-04-11 07:24:00.000', '2023-04-10 07:24:00.000', 'test2', 'FLYWAY','2023-06-29 22:16:16.754', 'FLYWAY','2023-06-29 22:16:16.754', 'BYLAW', 'COS', 'OPEN', 'FTSTJAME', 'SRID=4326;POINT (0 0)'::geometry)
ON CONFLICT DO NOTHING;


-- add complaints to Omenica region
INSERT INTO hwcr_complaint (other_attractants_text,create_user_id,create_utc_timestamp,update_user_id,update_utc_timestamp,complaint_identifier,species_code,hwcr_complaint_nature_code) VALUES
	 (NULL,'FLYWAY','2023-07-26 19:25:34.66322','FLYWAY','2023-07-26 19:25:34.66322','23-007000','ELK','INJNP'),
	 (NULL,'FLYWAY','2023-07-26 19:25:34.66322','FLYWAY','2023-07-26 19:25:34.66322','23-007001','DEER','INJNP'),
	 (NULL,'FLYWAY','2023-07-26 19:25:34.66322','FLYWAY','2023-07-26 19:25:34.66322','23-007002','ELK','INJNP'),
	 (NULL,'FLYWAY','2023-07-26 19:25:34.66322','FLYWAY','2023-07-26 19:25:34.66322','23-007003','MOOSE','INJNP'),
	 (NULL,'FLYWAY','2023-07-26 19:25:34.66322','FLYWAY','2023-07-26 19:25:34.66322','23-007004','UNKNOWN','LIVNCOU')
     ON CONFLICT DO NOTHING;

INSERT INTO allegation_complaint (in_progress_ind,observed_ind,suspect_witnesss_dtl_text,create_user_id,create_utc_timestamp,update_user_id,update_utc_timestamp,complaint_identifier,violation_code) VALUES
	 (false,true,NULL,'FLYWAY','2023-07-26 19:25:34.66322','FLYWAY','2023-07-26 19:25:34.66322','23-007005','WILDLIFE'),
	 (true,false,NULL,'FLYWAY','2023-07-26 19:25:34.66322','FLYWAY','2023-07-26 19:25:34.66322','23-007006','WILDLIFE'),
     (true,true,NULL,'FLYWAY','2023-07-26 19:25:34.66322','FLYWAY','2023-07-26 19:25:34.66322','23-007007','OPENBURN'),
	 (true,false,NULL,'FLYWAY','2023-07-26 19:25:34.66322','FLYWAY','2023-07-26 19:25:34.66322','23-007008','WILDLIFE')
     ON CONFLICT DO NOTHING;

-- add complaints to Nechako-lakes
INSERT INTO hwcr_complaint (other_attractants_text,create_user_id,create_utc_timestamp,update_user_id,update_utc_timestamp,complaint_identifier,species_code,hwcr_complaint_nature_code) VALUES
	 (NULL,'FLYWAY','2023-07-26 19:25:34.66322','FLYWAY','2023-07-26 19:25:34.66322','23-007009','DEER','CONFINED'),
	 (NULL,'FLYWAY','2023-07-26 19:25:34.66322','FLYWAY','2023-07-26 19:25:34.66322','23-007010','DEER','CONFINED'),
	 (NULL,'FLYWAY','2023-07-26 19:25:34.66322','FLYWAY','2023-07-26 19:25:34.66322','23-007011','COUGAR','AGGPRES'),
	 (NULL,'FLYWAY','2023-07-26 19:25:34.66322','FLYWAY','2023-07-26 19:25:34.66322','23-007012','DEER','INJPRES'),
	 (NULL,'FLYWAY','2023-07-26 19:25:34.66322','FLYWAY','2023-07-26 19:25:34.66322','23-007013','COUGAR','HUMINJ'),
	 (NULL,'FLYWAY','2023-07-26 19:25:34.66322','FLYWAY','2023-07-26 19:25:34.66322','23-007014','MOOSE','INJPRES')
     ON CONFLICT DO NOTHING;

INSERT INTO hwcr_complaint (other_attractants_text,create_user_id,create_utc_timestamp,update_user_id,update_utc_timestamp,complaint_identifier,species_code,hwcr_complaint_nature_code) VALUES
	 (NULL,'FLYWAY','2023-07-26 19:25:34.66322','FLYWAY','2023-07-26 19:25:34.66322','23-007020','DEER','CONFINED'),
	 (NULL,'FLYWAY','2023-07-26 19:25:34.66322','FLYWAY','2023-07-26 19:25:34.66322','23-007021','DEER','CONFINED'),
	 (NULL,'FLYWAY','2023-07-26 19:25:34.66322','FLYWAY','2023-07-26 19:25:34.66322','23-007022','COUGAR','AGGPRES'),
	 (NULL,'FLYWAY','2023-07-26 19:25:34.66322','FLYWAY','2023-07-26 19:25:34.66322','23-007023','DEER','INJPRES'),
	 (NULL,'FLYWAY','2023-07-26 19:25:34.66322','FLYWAY','2023-07-26 19:25:34.66322','23-007024','COUGAR','HUMINJ')
     ON CONFLICT DO NOTHING;


INSERT INTO allegation_complaint (in_progress_ind,observed_ind,suspect_witnesss_dtl_text,create_user_id,create_utc_timestamp,update_user_id,update_utc_timestamp,complaint_identifier,violation_code) VALUES
	 (true,true,NULL,'FLYWAY','2023-07-26 19:25:34.66322','FLYWAY','2023-07-26 19:25:34.66322','23-007015','OPENBURN'),
	 (true,false,NULL,'FLYWAY','2023-07-26 19:25:34.66322','FLYWAY','2023-07-26 19:25:34.66322','23-007016','OTHER'),
	 (true,true,NULL,'FLYWAY','2023-07-26 19:25:34.66322','FLYWAY','2023-07-26 19:25:34.66322','23-007017','DUMPING'),
	 (true,false,NULL,'FLYWAY','2023-07-26 19:25:34.66322','FLYWAY','2023-07-26 19:25:34.66322','23-007018','RECREATN'),
	 (true,true,NULL,'FLYWAY','2023-07-26 19:25:34.66322','FLYWAY','2023-07-26 19:25:34.66322','23-007019','FISHERY')
     ON CONFLICT DO NOTHING;

INSERT INTO allegation_complaint (in_progress_ind,observed_ind,suspect_witnesss_dtl_text,create_user_id,create_utc_timestamp,update_user_id,update_utc_timestamp,complaint_identifier,violation_code) VALUES
	 (true,true,NULL,'FLYWAY','2023-07-26 19:25:34.66322','FLYWAY','2023-07-26 19:25:34.66322','23-007025','OPENBURN'),
	 (true,false,NULL,'FLYWAY','2023-07-26 19:25:34.66322','FLYWAY','2023-07-26 19:25:34.66322','23-007026','OTHER'),
	 (true,true,NULL,'FLYWAY','2023-07-26 19:25:34.66322','FLYWAY','2023-07-26 19:25:34.66322','23-007027','DUMPING'),
	 (true,false,NULL,'FLYWAY','2023-07-26 19:25:34.66322','FLYWAY','2023-07-26 19:25:34.66322','23-007028','RECREATN'),
	 (true,true,NULL,'FLYWAY','2023-07-26 19:25:34.66322','FLYWAY','2023-07-26 19:25:34.66322','23-007029','FISHERY')
     ON CONFLICT DO NOTHING;

UPDATE complaint t
set location_geometry_point = 'POINT (-127.4810142 50.4217838)'
where t.complaint_identifier  = '23-007023';

UPDATE complaint t
set location_geometry_point = 'POINT (-127.4810142 50.4217838)'
where t.complaint_identifier  = '23-006888';

-- update the test records so that we can sort by them and find them via cypress tests
update complaint set incident_reported_utc_timestmp  = CURRENT_TIMESTAMP
where complaint_identifier in ('23-007890','23-006888','23-007023','23-000076', '23-032528');
update complaint set caller_phone_1 = '+12505561234'
where complaint_identifier  = '23-000076';

-- Reset offices to nr-compliance-enforcement values

UPDATE officer SET office_guid = 'cdd9964e-7878-44c1-b4a2-0290c6345dec' WHERE office_guid = '914f8725-7100-4f56-a39b-1c18b0eccb55';
UPDATE officer SET office_guid = 'b494082e-35a3-468f-8955-4aa002066b36' WHERE office_guid = '39e7ad0a-20b1-48b4-be70-dfcc5bc01c3c';
UPDATE officer SET office_guid = 'b494082e-35a3-468f-8955-4aa002066b36' WHERE office_guid = '05633ab9-1502-4566-9364-4b3dac7c1354';
UPDATE officer SET office_guid = 'b494082e-35a3-468f-8955-4aa002066b36' WHERE office_guid = '7da19946-4525-43ff-b4b6-d243a2addaaa';
UPDATE officer SET office_guid = 'b494082e-35a3-468f-8955-4aa002066b36' WHERE office_guid = '4b3a8974-1975-4aaf-9e0a-2d3f5d217805';

--- Change Chris' Office to Kamloops to align with Unit tests
UPDATE officer set office_guid = '3a070028-2c6f-4ea9-a548-271cf076280a' WHERE user_id = 'CNESMITH';

-- Create new user Jo-Anne
INSERT INTO person
(person_guid, first_name, middle_name_1, middle_name_2, last_name, create_user_id, create_utc_timestamp, update_user_id, update_utc_timestamp)
VALUES('85484a31-5370-4763-81cc-f9c2b5f97110'::uuid, 'Jo-Anne', NULL, NULL, 'Chartrand', 'FLYWAY', '2023-10-06 11:21:10.630', 'FLYWAY', '2023-10-06 11:21:10.630')
ON CONFLICT DO NOTHING;

INSERT INTO officer
(officer_guid, user_id, create_user_id, create_utc_timestamp, update_user_id, update_utc_timestamp, person_guid, office_guid, auth_user_guid)
VALUES('49af7913-bfee-48f3-b1b7-51e2b6134b64'::uuid, 'JOCHARTR', 'FLYWAY', '2023-10-06 11:22:45.560', 'FLYWAY', '2023-10-06 11:25:55.828', '85484a31-5370-4763-81cc-f9c2b5f97110'::uuid, '3f474308-68da-450a-b1ab-fb8a5b7a27ce'::uuid, 'b4bb40f5-ee23-4c99-b63c-e741ce61b589'::uuid)
ON CONFLICT DO NOTHING;

-- Fixing spelling issue
UPDATE attractant_code SET long_description = 'Barbeque' WHERE short_description = 'BBQ' AND attractant_code = 'BBQ';
UPDATE attractant_code SET short_description = 'Fruit/Berries' WHERE long_description = 'Residential Fruit/Berries' AND attractant_code = 'RESFRUIT';
UPDATE attractant_code SET short_description = 'Hunter Kill' WHERE long_description = 'Wildlife:Hunter Kill' AND attractant_code = 'WLDLFEHK';

-- Changing display order of attractants
UPDATE attractant_code SET display_order=8 WHERE attractant_code='RESFRUIT';
UPDATE attractant_code SET display_order=9 WHERE attractant_code='GARBAGE';
UPDATE attractant_code SET display_order=10 WHERE attractant_code='WLDLFEHK';
UPDATE attractant_code SET display_order=11 WHERE attractant_code='INDCAMP';
UPDATE attractant_code SET display_order=12 WHERE attractant_code='LIVESTCK';
UPDATE attractant_code SET display_order=13 WHERE attractant_code='LVSFEED';
UPDATE attractant_code SET display_order=14 WHERE attractant_code='NA';
UPDATE attractant_code SET display_order=15 WHERE attractant_code='OTHER';
UPDATE attractant_code SET display_order=16 WHERE attractant_code='PETFOOD';
UPDATE attractant_code SET display_order=17 WHERE attractant_code='PETS';
UPDATE attractant_code SET display_order=18 WHERE attractant_code='VEGGARD';
UPDATE attractant_code SET display_order=19 WHERE attractant_code='VNYDORCH';

-- CE-326 Adding Caribou

UPDATE species_code SET display_order = 24 where display_order = 23;
UPDATE species_code SET display_order = 23 where display_order = 22;
UPDATE species_code SET display_order = 22 where display_order = 21;
UPDATE species_code SET display_order = 21 where display_order = 20;
UPDATE species_code SET display_order = 20 where display_order = 19;
UPDATE species_code SET display_order = 19 where display_order = 18;
UPDATE species_code SET display_order = 18 where display_order = 17;
UPDATE species_code SET display_order = 17 where display_order = 16;
UPDATE species_code SET display_order = 16 where display_order = 15;
UPDATE species_code SET display_order = 15 where display_order = 14;
UPDATE species_code SET display_order = 14 where display_order = 13;
UPDATE species_code SET display_order = 13 where display_order = 12;
UPDATE species_code SET display_order = 12 where display_order = 11;
UPDATE species_code SET display_order = 11 where display_order = 10;
UPDATE species_code SET display_order = 10 where display_order = 9;
UPDATE species_code SET display_order = 9 where display_order = 8;
UPDATE species_code SET display_order = 8 where display_order = 7;
UPDATE species_code SET display_order = 7 where display_order = 6;
UPDATE species_code SET display_order = 6 where display_order = 5;
UPDATE species_code SET display_order = 5 where display_order = 4;
UPDATE species_code SET display_order = 4 where display_order = 3;
insert into species_code (species_code, short_description, long_description, display_order, active_ind, legacy_code, create_user_id, create_utc_timestamp, update_user_id, update_utc_timestamp)
values('CARIBOU', 'Caribou', 'Caribou', 3, true, null, user, now(), user, now()) ON CONFLICT DO NOTHING;

-- CE-326 Opps
UPDATE species_code SET display_order = 4 where species_code = 'CARIBOU';
UPDATE species_code SET display_order = 3 where species_code = 'BOBCAT';

-- CE-1594 update display order in species_code
UPDATE species_code SET display_order = 10 WHERE species_code = 'BISON';
UPDATE species_code SET display_order = 20 WHERE species_code = 'BLKBEAR';
UPDATE species_code SET display_order = 30 WHERE species_code = 'BOBCAT';
UPDATE species_code SET display_order = 40 WHERE species_code = 'CARIBOU';
UPDATE species_code SET display_order = 50 WHERE species_code = 'COUGAR';
UPDATE species_code SET display_order = 60 WHERE species_code = 'COYOTE';
UPDATE species_code SET display_order = 70 WHERE species_code = 'DEER';
UPDATE species_code SET display_order = 80 WHERE species_code = 'ELK';
UPDATE species_code SET display_order = 90 WHERE species_code = 'FOX';
UPDATE species_code SET display_order = 100 WHERE species_code = 'GRZBEAR';
UPDATE species_code SET display_order = 110 WHERE species_code = 'FERALHOG';
UPDATE species_code SET display_order = 120 WHERE species_code = 'LYNX';
UPDATE species_code SET display_order = 130 WHERE species_code = 'MOOSE';
UPDATE species_code SET display_order = 140 WHERE species_code = 'MTNGOAT';
UPDATE species_code SET display_order = 150 WHERE species_code = 'OTHER';
UPDATE species_code SET display_order = 160 WHERE species_code = 'RACCOON';
UPDATE species_code SET display_order = 170 WHERE species_code = 'RAPTOR';
UPDATE species_code SET display_order = 180 WHERE species_code = 'RATTLER';
UPDATE species_code SET display_order = 190 WHERE species_code = 'RVROTTER';
UPDATE species_code SET display_order = 200 WHERE species_code = 'SKUNK';
UPDATE species_code SET display_order = 210 WHERE species_code = 'UNKNOWN';
UPDATE species_code SET display_order = 220 WHERE species_code = 'WLDSHEEP';
UPDATE species_code SET display_order = 230 WHERE species_code = 'WOLF';
UPDATE species_code SET display_order = 240 WHERE species_code = 'WOLVERN';

-- CE-771
INSERT INTO complaint
(complaint_identifier, detail_text, caller_name, caller_address, caller_email, caller_phone_1, caller_phone_2, caller_phone_3, location_summary_text, location_detailed_text, incident_utc_datetime, incident_reported_utc_timestmp, reported_by_other_text, create_user_id,  create_utc_timestamp, update_user_id,  update_utc_timestamp, reported_by_code, owned_by_agency_code, complaint_status_code, geo_organization_unit_code, location_geometry_point)
VALUES('23-900001', 'Test information on a CO Contact General Incident Type', 'Kelsey', '135 fake st', NULL, '555-555-5565', NULL, NULL, 'Cariboo Dr', 'tester call description 8', '2024-07-11 21:18:23.336', '2024-07-11 21:18:23.336', 'test2', 'FLYWAY','2024-07-11 21:18:23.336', 'FLYWAY','2024-07-11 21:18:23.336', 'BYLAW', 'COS', 'OPEN', 'VICTORIA', 'SRID=4326;POINT (0 0)'::geometry)
ON CONFLICT DO NOTHING;

INSERT INTO gir_complaint
(gir_complaint_guid, gir_type_code, create_user_id, create_utc_timestamp, update_user_id, update_utc_timestamp, complaint_identifier)
VALUES('eafd661b-4c18-4aa6-a39e-a70a5462d4ab'::uuid, 'COCNT', 'FLYWAY', '2024-07-11 21:18:23.336', 'FLYWAY', '2024-07-11 21:18:23.336', '23-900001')
ON CONFLICT DO NOTHING;

INSERT INTO complaint
(complaint_identifier, detail_text, caller_name, caller_address, caller_email, caller_phone_1, caller_phone_2, caller_phone_3, location_summary_text, location_detailed_text, incident_utc_datetime, incident_reported_utc_timestmp, reported_by_other_text, create_user_id,  create_utc_timestamp, update_user_id,  update_utc_timestamp, reported_by_code, owned_by_agency_code, complaint_status_code, geo_organization_unit_code, location_geometry_point)
VALUES('23-900002', 'Test information on a CO Disposition General Incident Type', 'Kelsey', '135 fake st', NULL, '555-555-5565', NULL, NULL, 'Cariboo Dr', 'tester call description 8', '2024-07-11 21:18:23.336', '2024-07-11 21:18:23.336', 'test2', 'FLYWAY','2024-07-11 21:18:23.336', 'FLYWAY','2024-07-11 21:18:23.336', 'BYLAW', 'COS', 'OPEN', 'TUMBLER', 'SRID=4326;POINT (0 0)'::geometry)
ON CONFLICT DO NOTHING;

INSERT INTO gir_complaint
(gir_complaint_guid, gir_type_code, create_user_id, create_utc_timestamp, update_user_id, update_utc_timestamp, complaint_identifier)
VALUES('eafd661b-4c18-4aa6-a39e-a70a5462d4ac'::uuid, 'CODSP', 'FLYWAY', '2024-07-11 21:18:23.336', 'FLYWAY', '2024-07-11 21:18:23.336', '23-900002')
ON CONFLICT DO NOTHING;

INSERT INTO complaint
(complaint_identifier, detail_text, caller_name, caller_address, caller_email, caller_phone_1, caller_phone_2, caller_phone_3, location_summary_text, location_detailed_text, incident_utc_datetime, incident_reported_utc_timestmp, reported_by_other_text, create_user_id,  create_utc_timestamp, update_user_id,  update_utc_timestamp, reported_by_code, owned_by_agency_code, complaint_status_code, geo_organization_unit_code, location_geometry_point)
VALUES('23-900003', 'Test information on a General Advice General Incident Type', 'Kelsey', '135 fake st', NULL, '555-555-5565', NULL, NULL, 'Cariboo Dr', 'tester call description 8', '2024-07-11 21:18:23.336', '2024-07-11 21:18:23.336', 'test2', 'FLYWAY','2024-07-11 21:18:23.336', 'FLYWAY','2024-07-11 21:18:23.336', 'BYLAW', 'COS', 'OPEN', 'SUGARCIR', 'SRID=4326;POINT (0 0)'::geometry)
ON CONFLICT DO NOTHING;

INSERT INTO gir_complaint
(gir_complaint_guid, gir_type_code, create_user_id, create_utc_timestamp, update_user_id, update_utc_timestamp, complaint_identifier)
VALUES('eafd661b-4c18-4aa6-a39e-a70a5462d4ad'::uuid, 'GENAD', 'FLYWAY', '2024-07-11 21:18:23.336', 'FLYWAY', '2024-07-11 21:18:23.336', '23-900003')
ON CONFLICT DO NOTHING;

INSERT INTO complaint
(complaint_identifier, detail_text, caller_name, caller_address, caller_email, caller_phone_1, caller_phone_2, caller_phone_3, location_summary_text, location_detailed_text, incident_utc_datetime, incident_reported_utc_timestmp, reported_by_other_text, create_user_id,  create_utc_timestamp, update_user_id,  update_utc_timestamp, reported_by_code, owned_by_agency_code, complaint_status_code, geo_organization_unit_code, location_geometry_point)
VALUES('23-900004', 'Test information on a Media General Incident Type', 'Kelsey', '135 fake st', NULL, '555-555-5565', NULL, NULL, 'Cariboo Dr', 'tester call description 8', '2024-07-11 21:18:23.336', '2024-07-11 21:18:23.336', 'test2', 'FLYWAY','2024-07-11 21:18:23.336', 'FLYWAY','2024-07-11 21:18:23.336', 'BYLAW', 'COS', 'OPEN', 'SEYMOURA', 'SRID=4326;POINT (0 0)'::geometry)
ON CONFLICT DO NOTHING;

INSERT INTO gir_complaint
(gir_complaint_guid, gir_type_code, create_user_id, create_utc_timestamp, update_user_id, update_utc_timestamp, complaint_identifier)
VALUES('eafd661b-4c18-4aa6-a39e-a70a5462d4ae'::uuid, 'MEDIA', 'FLYWAY', '2024-07-11 21:18:23.336', 'FLYWAY', '2024-07-11 21:18:23.336', '23-900004')
ON CONFLICT DO NOTHING;

INSERT INTO complaint
(complaint_identifier, detail_text, caller_name, caller_address, caller_email, caller_phone_1, caller_phone_2, caller_phone_3, location_summary_text, location_detailed_text, incident_utc_datetime, incident_reported_utc_timestmp, reported_by_other_text, create_user_id,  create_utc_timestamp, update_user_id,  update_utc_timestamp, reported_by_code, owned_by_agency_code, complaint_status_code, geo_organization_unit_code, location_geometry_point)
VALUES('23-900005', 'Test information on a Query General Incident Type', 'Kelsey', '135 fake st', NULL, '555-555-5565', NULL, NULL, 'Cariboo Dr', 'tester call description 8', '2024-07-11 21:18:23.336', '2024-07-11 21:18:23.336', 'test2', 'FLYWAY','2024-07-11 21:18:23.336', 'FLYWAY','2024-07-11 21:18:23.336', 'BYLAW', 'COS', 'OPEN', 'QUESNEL', 'SRID=4326;POINT (0 0)'::geometry)
ON CONFLICT DO NOTHING;

INSERT INTO gir_complaint
(gir_complaint_guid, gir_type_code, create_user_id, create_utc_timestamp, update_user_id, update_utc_timestamp, complaint_identifier)
VALUES('eafd661b-4c18-4aa6-a39e-a70a5462d4af'::uuid, 'QUERY', 'FLYWAY', '2024-07-11 21:18:23.336', 'FLYWAY', '2024-07-11 21:18:23.336', '23-900005')
ON CONFLICT DO NOTHING;


INSERT INTO action_taken
(action_taken_guid, complaint_identifier,complaint_update_guid, action_details_txt, logged_by_txt,action_utc_timestamp, create_user_id, create_utc_timestamp, update_user_id, update_utc_timestamp)
VALUES('eafd661b-4c18-4aa6-a39e-170a5462d4ad'::uuid, '24-000261','bafd661b-4c18-4aa6-a39e-a70a5462d4ad'::uuid,'action_details_txt','Logged by','2024-07-25 21:18:23.336', 'FLYWAY', '2024-07-11 21:18:23.336', 'FLYWAY', '2024-07-11 21:18:23.336')
ON CONFLICT DO NOTHING;

-- CE-946 Add Auth Guids so people show up properly in assignment modals

UPDATE officer
SET
  auth_user_guid = 'ef0bc810-58a7-4080-ad7a-b5bbdd0d2efe'
WHERE
  user_id = 'NBASKERV';

UPDATE officer
SET
  auth_user_guid = '92a81ac4-d767-414f-a759-b0be2373a072'
WHERE
  user_id = 'HOLSON';

UPDATE officer
SET
  auth_user_guid = 'e6c47d9c-39d2-48c1-a0c9-2c0fa309ac66'
WHERE
  user_id = 'VYATES';

UPDATE officer
SET
  auth_user_guid = '382e7b5f-57c0-4a89-8836-7dbf8e2bc412'
WHERE
  user_id = 'AGUPTA';

UPDATE officer
SET
  auth_user_guid = '6def8986-1b18-4205-8283-d6fd633b3eee'
WHERE
  user_id = 'BFALK';

UPDATE officer
SET
  auth_user_guid = '91959e79-cafa-4b21-bfc6-60012d3e0790'
WHERE
  user_id = 'CNESMITH';

UPDATE officer
SET
  auth_user_guid = '93a3dee6-6ee6-4f74-8539-69f122648ab1'
WHERE
  user_id = 'MSEARS';

UPDATE officer
SET
  auth_user_guid = '287d4e72-8409-4dd1-991a-8b1117b8eb2a'
WHERE
  user_id = 'AWILCOX';

UPDATE officer
SET
  auth_user_guid = '864f2a4a-135e-481c-bec6-2d58d966eb82'
WHERE
  user_id = 'TSPRADO';

UPDATE officer
SET
  auth_user_guid = 'ef0bc810-58a7-4080-ad7a-b5bbdd0d2efe'
WHERE
  user_id = 'NBASKERV';

UPDATE officer
SET
  auth_user_guid = '92a81ac4-d767-414f-a759-b0be2373a072'
WHERE
  user_id = 'HOLSON';

UPDATE officer
SET
  auth_user_guid = 'e6c47d9c-39d2-48c1-a0c9-2c0fa309ac66'
WHERE
  user_id = 'VYATES';

UPDATE officer
SET
  auth_user_guid = '382e7b5f-57c0-4a89-8836-7dbf8e2bc412'
WHERE
  user_id = 'AGUPTA';

UPDATE officer
SET
  auth_user_guid = '6def8986-1b18-4205-8283-d6fd633b3eee'
WHERE
  user_id = 'BFALK';

UPDATE officer
SET
  auth_user_guid = '91959e79-cafa-4b21-bfc6-60012d3e0790'
WHERE
  user_id = 'CNESMITH';

UPDATE officer
SET
  auth_user_guid = 'a6620175-84d0-436b-b13e-d97457d69588'
WHERE
  user_id = 'M2SEARS';

UPDATE officer
SET
  auth_user_guid = '287d4e72-8409-4dd1-991a-8b1117b8eb2a'
WHERE
  user_id = 'AWILCOX';

UPDATE officer
SET
  auth_user_guid = '864f2a4a-135e-481c-bec6-2d58d966eb82'
WHERE
  user_id = 'TSPRADO';

UPDATE officer
SET
  auth_user_guid = 'b4bb40f5-ee23-4c99-b63c-e741ce61b589'
WHERE
  user_id = 'JOCHARTR';

UPDATE officer
SET
  auth_user_guid = '0a24b8a9-cb08-4ae2-8287-d5caa3d79007'
WHERE
  user_id = 'ADLAI';

UPDATE officer
SET
  auth_user_guid = 'c3a081db-a974-449c-9947-8ac8522ba3af'
WHERE
  user_id = 'STRUONG';

UPDATE officer
SET
  auth_user_guid = '87a1058f-97c0-4bd7-a07c-c31fe40a2230'
WHERE
  user_id = 'DVUIA';

UPDATE officer
SET
  auth_user_guid = 'd072fbaa-8668-412c-8dc1-a19e19cb9622'
WHERE
  user_id = 'DKORIN';

UPDATE officer
SET
  auth_user_guid = '9b20d8a3-2870-40e3-b8a2-ef76d5f77708'
WHERE
  user_id = 'SROSINSK';

UPDATE officer
SET
  auth_user_guid = '0730050a-d985-4260-b1e2-fad8f6484ba1'
WHERE
  user_id = 'KNORBERG';

UPDATE officer
SET
  auth_user_guid = 'b4bb40f5-ee23-4c99-b63c-e741ce61b589'
WHERE
  user_id = 'JOCHARTR';

UPDATE officer
SET
  auth_user_guid = 'fa4fc3b6-346c-401b-8a29-cd76a097e7b2'
WHERE
  user_id = 'SNORRIS';

UPDATE officer
SET
  auth_user_guid = 'eb1ed21e-2da3-40fa-aa82-ae8e52a337ff'
WHERE
  user_id = 'TARWILLI';

UPDATE officer
SET
  auth_user_guid = '07a5cdfa-ff86-4755-ad77-4a5d20c66bea'
WHERE
  user_id = 'CELDER';

UPDATE officer
SET
  auth_user_guid = '0b524c8e-d202-44ae-a5a0-559930f3187e'
WHERE
  user_id = 'NSMIENK';

UPDATE officer
SET
  auth_user_guid = 'eee4b016-7f48-43cb-bd22-325e91bc52c0'
WHERE
  user_id = 'MAWILSON';

UPDATE officer
SET
  auth_user_guid = 'c3a081db-a974-449c-9947-8ac8522ba3af'
WHERE
  user_id = 'STRUONG';

UPDATE officer
SET
  auth_user_guid = '87a1058f-97c0-4bd7-a07c-c31fe40a2230'
WHERE
  user_id = 'DVUIA';

UPDATE officer
SET
  auth_user_guid = '7ecde23e-9142-4d9b-9e6b-f00b4a549a59'
WHERE
  user_id = 'MGEUZE';

UPDATE officer
SET
  auth_user_guid = 'f97fcfac-8ff3-407a-be02-a1fac8dcd915'
WHERE
  user_id = 'HDUMAINE';

UPDATE officer
SET
  auth_user_guid = 'd072fbaa-8668-412c-8dc1-a19e19cb9622'
WHERE
  user_id = 'DKORIN';

UPDATE officer
SET
  auth_user_guid = 'c75021f9-0956-48cf-bde9-20927e56766c'
WHERE
  user_id = 'TBECK';

UPDATE officer
SET
  auth_user_guid = '9b20d8a3-2870-40e3-b8a2-ef76d5f77708'
WHERE
  user_id = 'SROSINSK';

UPDATE officer
SET
  auth_user_guid = 'e614ed75-e41b-4a5b-a1d8-c118db970ab8'
WHERE
  user_id = 'LGUGLIEL';

UPDATE officer
SET
  auth_user_guid = '0730050a-d985-4260-b1e2-fad8f6484ba1'
WHERE
  user_id = 'KNORBERG';

UPDATE officer
SET
  auth_user_guid = 'd6f05035-df0f-4e6c-aff5-91dc75fe2eaa'
WHERE
  user_id = 'BALACEY';

UPDATE officer
SET
  auth_user_guid = 'fa4fc3b6-346c-401b-8a29-cd76a097e7b2'
WHERE
  user_id = 'SNORRIS';

UPDATE officer
SET
  auth_user_guid = 'c559a49f-1992-4641-b8a5-3302833d3a7e'
WHERE
  user_id = 'AEAGLES';

UPDATE officer
SET
  auth_user_guid = 'fef9665c-35ee-4caa-88ff-05864f400115'
WHERE
  user_id = 'BCARUTH';

UPDATE officer
SET
  auth_user_guid = 'eb1ed21e-2da3-40fa-aa82-ae8e52a337ff'
WHERE
  user_id = 'TARWILLI';

UPDATE officer
SET
  auth_user_guid = '07a5cdfa-ff86-4755-ad77-4a5d20c66bea'
WHERE
  user_id = 'CELDER';

UPDATE officer
SET
  auth_user_guid = '08a17082-bd02-4ef3-9a38-d6d61f5c365f'
WHERE
  user_id = 'DJSTRUTH';

UPDATE officer
SET
  auth_user_guid = '0b524c8e-d202-44ae-a5a0-559930f3187e'
WHERE
  user_id = 'NSMIENK';

UPDATE officer
SET
  auth_user_guid = '82e8d3b4-bad0-45e8-ad39-80d426ea781c'
WHERE
  user_id = 'JXDUNSDO';

UPDATE officer
SET
  auth_user_guid = 'e3ae2a67-83f4-42de-b248-46f217321784'
WHERE
  user_id = 'GRLAVERY';

UPDATE officer
SET
  auth_user_guid = 'eee4b016-7f48-43cb-bd22-325e91bc52c0'
WHERE
  user_id = 'MAWILSON';

UPDATE officer
SET
  auth_user_guid = 'd657346c-8be6-42cd-9864-120034167892'
WHERE
  user_id = 'MITO';

UPDATE officer
SET
  auth_user_guid = '7ecde23e-9142-4d9b-9e6b-f00b4a549a59'
WHERE
  user_id = 'MGEUZE';

UPDATE officer
SET
  auth_user_guid = '1432407d-f11b-419c-9c26-96259c0600e2'
WHERE
  user_id = 'JCLAUSEN';

UPDATE officer
SET
  auth_user_guid = 'f97fcfac-8ff3-407a-be02-a1fac8dcd915'
WHERE
  user_id = 'HDUMAINE';

UPDATE officer
SET
  auth_user_guid = 'c75021f9-0956-48cf-bde9-20927e56766c'
WHERE
  user_id = 'TBECK';

UPDATE officer
SET
  auth_user_guid = 'a2c7ef60-5ed1-42c2-8a74-6ac1606b4aec'
WHERE
  user_id = 'MCHAYER';

UPDATE officer
SET
  auth_user_guid = '83fe7ae8-99ad-4153-a459-670c89a954be'
WHERE
  user_id = 'ELPEDERS';

UPDATE officer
SET
  auth_user_guid = 'e614ed75-e41b-4a5b-a1d8-c118db970ab8'
WHERE
  user_id = 'LGUGLIEL';

UPDATE officer
SET
  auth_user_guid = 'd6f05035-df0f-4e6c-aff5-91dc75fe2eaa'
WHERE
  user_id = 'BALACEY';

UPDATE officer
SET
  auth_user_guid = 'ba9f3a7f-9434-4ccb-a861-307622a2d339'
WHERE
  user_id = 'BEPARKER';

UPDATE officer
SET
  auth_user_guid = 'c559a49f-1992-4641-b8a5-3302833d3a7e'
WHERE
  user_id = 'AEAGLES';

UPDATE officer
SET
  auth_user_guid = 'e7d909cb-57c7-4e3d-b4fc-17a732111070'
WHERE
  user_id = 'JCLANCY';

UPDATE officer
SET
  auth_user_guid = 'fef9665c-35ee-4caa-88ff-05864f400115'
WHERE
  user_id = 'BCARUTH';

UPDATE officer
SET
  auth_user_guid = 'a5354b38-ab6a-4b5d-8046-5f4bd1bc3c4b'
WHERE
  user_id = 'EHARBICH';

UPDATE officer
SET
  auth_user_guid = 'da2fe7e1-fb07-4679-9e2f-1b66df8e7e1b'
WHERE
  user_id = 'JDAMERT';

UPDATE officer
SET
  auth_user_guid = '08a17082-bd02-4ef3-9a38-d6d61f5c365f'
WHERE
  user_id = 'DJSTRUTH';

UPDATE officer
SET
  auth_user_guid = '82e8d3b4-bad0-45e8-ad39-80d426ea781c'
WHERE
  user_id = 'JXDUNSDO';

UPDATE officer
SET
  auth_user_guid = '091e810a-c6ac-4754-b762-f10bbc4651e2'
WHERE
  user_id = 'RGROEGER';

UPDATE officer
SET
  auth_user_guid = 'c7e86014-2cdd-4e87-9a85-efa280842a43'
WHERE
  user_id = 'KMAYOWSK';

UPDATE officer
SET
  auth_user_guid = 'd657346c-8be6-42cd-9864-120034167892'
WHERE
  user_id = 'MITO';

UPDATE officer
SET
  auth_user_guid = '303c6924-2540-4490-8581-70fddf8b3d70'
WHERE
  user_id = 'TYILDIRO';

UPDATE officer
SET
  auth_user_guid = '1432407d-f11b-419c-9c26-96259c0600e2'
WHERE
  user_id = 'JCLAUSEN';

UPDATE officer
SET
  auth_user_guid = 'a2c7ef60-5ed1-42c2-8a74-6ac1606b4aec'
WHERE
  user_id = 'MCHAYER';

UPDATE officer
SET
  auth_user_guid = '83fe7ae8-99ad-4153-a459-670c89a954be'
WHERE
  user_id = 'ELPEDERS';

UPDATE officer
SET
  auth_user_guid = 'ba9f3a7f-9434-4ccb-a861-307622a2d339'
WHERE
  user_id = 'BEPARKER';

UPDATE officer
SET
  auth_user_guid = 'e7d909cb-57c7-4e3d-b4fc-17a732111070'
WHERE
  user_id = 'JCLANCY';

UPDATE officer
SET
  auth_user_guid = 'a5354b38-ab6a-4b5d-8046-5f4bd1bc3c4b'
WHERE
  user_id = 'EHARBICH';

UPDATE officer
SET
  auth_user_guid = 'da2fe7e1-fb07-4679-9e2f-1b66df8e7e1b'
WHERE
  user_id = 'JDAMERT';

UPDATE officer
SET
  auth_user_guid = '091e810a-c6ac-4754-b762-f10bbc4651e2'
WHERE
  user_id = 'RGROEGER';

UPDATE officer
SET
  auth_user_guid = 'c7e86014-2cdd-4e87-9a85-efa280842a43'
WHERE
  user_id = 'KMAYOWSK';

UPDATE officer
SET
  auth_user_guid = '303c6924-2540-4490-8581-70fddf8b3d70'
WHERE
  user_id = 'TYILDIRO';

-----------------------
-- Thanos snap to update 1/8 of the COS test data to BC Parks
-----------------------

UPDATE complaint
SET owned_by_agency_code = 'PARKS'
WHERE CAST(SUBSTRING(complaint_identifier FROM 4 FOR 6) AS INTEGER) % 8 = 0
AND owned_by_agency_code = 'COS';

---------------------
-- These ones are part of our Cypress Tests and should be saved
---------------------
UPDATE complaint
SET owned_by_agency_code = 'COS'
WHERE complaint_identifier IN ('23-031744', '23-006888', '23-032456');

---------------------
-- Assign offiers with no office or agency to CEEB
---------------------
UPDATE officer
SET agency_code = 'EPO'
WHERE office_guid is null
AND agency_code is null;

---------------------
-- Overwrite all referred email addresses in dev and test to avoid accidents
---------------------
UPDATE email_reference
SET email_address = 'ceds@gov.bc.ca'
WHERE true;


---------------------
-- Enable referrals in dev/test for all users
---------------------

UPDATE feature_agency_xref
SET active_ind = 'Y'
WHERE feature_code = 'COMPREF';

---------------------
-- Enable collaboration in dev/test for all users
---------------------

UPDATE feature_agency_xref
SET active_ind = 'Y'
WHERE feature_code = 'COMPCOLLAB';

---------------------
-- Disable referral emails in dev and test for all users
---------------------

UPDATE feature_agency_xref
SET active_ind = 'N'
WHERE feature_code = 'REFEMAIL';

---------------------
-- Disable collaborator emails in dev/test for all users
---------------------

UPDATE feature_agency_xref
SET active_ind = 'N'
WHERE feature_code = 'COLEMAIL';

---------------------
-- Disable sector view in dev/test for all users
---------------------

UPDATE feature_agency_xref
SET active_ind = 'N'
WHERE feature_code = 'SECTORVIEW';

-----------------------
-- Default users with a null agency to COS 
-- This really only affects the Dev environment as everyone in test has already been set
-- This may cause some odd display issues if this script conflicts with a role set in CSS
-- In the event of mismatch - just update the user in CSS to be the desired role
-----------------------
UPDATE officer 
SET agency_code = 'COS'
WHERE agency_code is null;

---------------------
-- Update complaint_type_code for test data
---------------------

UPDATE complaint c1 SET complaint_type_code = 
CASE WHEN a.allegation_complaint_guid IS NOT NULL THEN 'ERS'
	 WHEN hc.hwcr_complaint_guid IS NOT NULL THEN 'HWCR'
	 WHEN gc.gir_complaint_guid IS NOT NULL THEN 'GIR'
END
FROM complaint c2
LEFT JOIN allegation_complaint a ON c2.complaint_identifier = a.complaint_identifier
LEFT JOIN hwcr_complaint hc ON c2.complaint_identifier = hc.complaint_identifier
LEFT JOIN gir_complaint gc ON c2.complaint_identifier = gc.complaint_identifier
WHERE c1.complaint_identifier = c2.complaint_identifier;

UPDATE complaint SET complaint_type_code = 'HWCR' WHERE complaint_identifier = '23-007000';